packet,time_us, angle
0, 389266036, -943
0, 389271036, -944
0, 389276036, -944
0, 389281036, -945
0, 389286036, -945
0, 389291036, -945
0, 389296036, -945
0, 389301036, -945
0, 389306036, -945
0, 389311036, -945
0, 389316036, -945
0, 389321036, -944
0, 389326036, -944
0, 389331036, -943
0, 389336036, -942
0, 389341036, -941
0, 389346036, -940
0, 389351036, -938
0, 389356036, -937
0, 389361036, -935
0, 389366036, -933
0, 389371036, -932
0, 389376036, -929
0, 389381036, -927
0, 389386036, -925
0, 389391036, -923
0, 389396036, -920
0, 389401036, -917
0, 389406036, -915
0, 389411036, -912
0, 389416036, -909
0, 389421036, -905
0, 389426036, -902
0, 389431036, -898
0, 389436036, -895
0, 389441036, -891
0, 389446036, -888
0, 389451036, -884
0, 389456036, -879
0, 389461036, -875
0, 389466036, -870
0, 389471036, -865
0, 389476036, -861
0, 389481036, -856
0, 389486036, -850
0, 389491036, -845
0, 389496036, -839
0, 389501036, -834
0, 389506036, -828
0, 389511036, -822
0, 389516036, -816
0, 389521036, -809
0, 389526036, -803
0, 389531036, -796
0, 389536036, -789
0, 389541036, -782
0, 389546036, -774
0, 389551036, -767
0, 389556036, -759
0, 389561036, -752
0, 389566036, -743
0, 389571036, -735
0, 389576036, -727
0, 389581036, -718
0, 389586036, -709
0, 389591036, -700
0, 389596036, -691
0, 389601036, -682
0, 389606036, -672
0, 389611036, -662
0, 389616036, -652
0, 389621036, -642
0, 389626036, -632
0, 389631036, -621
0, 389636036, -612
0, 389641036, -601
0, 389646036, -590
0, 389651036, -579
0, 389656036, -567
0, 389661036, -556
0, 389666036, -544
0, 389671036, -531
0, 389676036, -519
0, 389681036, -507
0, 389686036, -494
0, 389691036, -481
0, 389696036, -468
0, 389701036, -454
0, 389706036, -441
0, 389711036, -427
0, 389716036, -413
0, 389721036, -399
0, 389726036, -385
0, 389731036, -371
0, 389736036, -356
0, 389741036, -341
0, 389746036, -327
0, 389751036, -312
0, 389756036, -297
0, 389761036, -281
0, 389766036, -266
0, 389771036, -251
0, 389776036, -235
0, 389781036, -219
0, 389786036, -203
0, 389791036, -188
0, 389796036, -175
0, 389801036, -159
0, 389806036, -143
0, 389811036, -126
0, 389816036, -110
0, 389821036, -94
0, 389826036, -77
0, 389831036, -61
0, 389836036, -44
0, 389841036, -28
0, 389846036, -12
0, 389851036, 4
0, 389856036, 21
0, 389861036, 37
0, 389866036, 54
0, 389871036, 70
0, 389876036, 86
0, 389881036, 102
0, 389886036, 118
0, 389891036, 134
0, 389896036, 151
0, 389901036, 166
0, 389906036, 182
0, 389911036, 198
0, 389916036, 213
0, 389921036, 229
0, 389926036, 244
0, 389931036, 259
0, 389936036, 274
0, 389941036, 289
0, 389946036, 304
0, 389951036, 315
0, 389956036, 330
0, 389961036, 344
0, 389966036, 358
0, 389971036, 372
0, 389976036, 386
0, 389981036, 399
0, 389986039, 412
0, 389991039, 425
0, 389996039, 439
0, 390001039, 451
0, 390006039, 464
0, 390011039, 476
0, 390016039, 488
0, 390021039, 500
0, 390026043, 512
0, 390031043, 523
0, 390036043, 535
0, 390041043, 546
0, 390046043, 557
0, 390051043, 567
0, 390056043, 578
0, 390061043, 588
0, 390066050, 598
0, 390071050, 608
0, 390076050, 617
0, 390081050, 627
0, 390086050, 636
0, 390091050, 644
0, 390096050, 653
0, 390101050, 662
0, 390106056, 670
0, 390111056, 678
0, 390116056, 686
0, 390121056, 692
0, 390126056, 700
0, 390131056, 707
0, 390136056, 714
0, 390141056, 721
0, 390146061, 728
0, 390151061, 734
0, 390156061, 741
0, 390161061, 747
0, 390166061, 753
0, 390171061, 758
0, 390176061, 764
0, 390181061, 769
0, 390186068, 774
0, 390191068, 779
0, 390196068, 784
0, 390201068, 789
0, 390206068, 793
0, 390211068, 797
0, 390216068, 801
0, 390221068, 805
0, 390226073, 809
0, 390231073, 812
0, 390236073, 816
0, 390241073, 819
0, 390246073, 822
0, 390251073, 824
0, 390256073, 827
0, 390261073, 829
0, 390266079, 832
0, 390271079, 834
0, 390276079, 836
0, 390281079, 837
0, 390286079, 839
0, 390291079, 840
0, 390296079, 842
0, 390301079, 843
0, 390306085, 844
0, 390311085, 844
0, 390316085, 845
0, 390321085, 845
0, 390326085, 846
0, 390331085, 846
0, 390336085, 846
0, 390341085, 845
0, 390346091, 845
0, 390351091, 845
0, 390356091, 844
0, 390361091, 843
0, 390366091, 842
0, 390371091, 841
0, 390376091, 839
0, 390381091, 838
0, 390386096, 836
0, 390391096, 834
0, 390396096, 832
0, 390401096, 830
0, 390406096, 828
0, 390411096, 825
0, 390416096, 822
0, 390421096, 819
0, 390426103, 816
0, 390431103, 813
0, 390436103, 810
0, 390441103, 806
0, 390446103, 802
0, 390451103, 799
0, 390456103, 794
0, 390461103, 790
0, 390466109, 785
0, 390471109, 781
0, 390476109, 776
0, 390481109, 771
0, 390486109, 766
0, 390491109, 760
0, 390496109, 755
0, 390501109, 749
0, 390506114, 743
0, 390511114, 737
0, 390516114, 731
0, 390521114, 724
0, 390526114, 717
0, 390531114, 710
0, 390536114, 703
0, 390541114, 696
0, 390546121, 689
0, 390551121, 681
0, 390556121, 675
0, 390561121, 666
0, 390566121, 658
0, 390571121, 650
0, 390576121, 641
0, 390581121, 632
0, 390586125, 623
0, 390591125, 614
0, 390596125, 604
0, 390601125, 595
0, 390606125, 585
0, 390611125, 575
0, 390616125, 564
0, 390621125, 554
0, 390626132, 543
0, 390631132, 532
0, 390636132, 521
0, 390641132, 510
0, 390646132, 498
0, 390651132, 487
0, 390656132, 475
0, 390661132, 463
0, 390666139, 450
0, 390671139, 438
0, 390676139, 425
0, 390681139, 412
0, 390686139, 399
0, 390691139, 386
0, 390696139, 373
0, 390701139, 359
0, 390706144, 346
0, 390711144, 332
0, 390716144, 318
0, 390721144, 304
0, 390726144, 292
0, 390731144, 278
0, 390736144, 264
0, 390741144, 249
0, 390746151, 234
0, 390751151, 219
0, 390756151, 204
0, 390761151, 189
0, 390766151, 174
0, 390771151, 159
0, 390776151, 144
0, 390781151, 128
0, 390786155, 112
0, 390791155, 97
0, 390796155, 81
0, 390801155, 66
0, 390806155, 50
0, 390811155, 35
0, 390816155, 19
0, 390821155, 3
0, 390826162, -13
0, 390831162, -28
0, 390836162, -44
0, 390841162, -60
0, 390846162, -75
0, 390851162, -91
0, 390856162, -106
0, 390861162, -121
0, 390866166, -137
0, 390871166, -152
0, 390876166, -167
0, 390881166, -182
0, 390886166, -197
0, 390891169, -209
0, 390896169, -224
0, 390901169, -238
0, 390906173, -253
0, 390911173, -267
0, 390916173, -281
0, 390921173, -295
0, 390926173, -309
0, 390931173, -323
0, 390936173, -336
0, 390941173, -350
0, 390946179, -363
0, 390951179, -376
0, 390956179, -389
0, 390961179, -401
0, 390966179, -414
0, 390971179, -426
0, 390976179, -438
0, 390981179, -450
0, 390986184, -462
0, 390991184, -473
0, 390996184, -485
0, 391001184, -496
0, 391006184, -507
0, 391011184, -517
0, 391016184, -528
0, 391021184, -538
0, 391026190, -548
0, 391031190, -558
0, 391036190, -567
0, 391041190, -577
0, 391046190, -586
0, 391051190, -595
0, 391056190, -602
0, 391061190, -611
0, 391066196, -619
0, 391071196, -627
0, 391076196, -635
0, 391081196, -643
0, 391086196, -650
0, 391091196, -657
0, 391096196, -664
0, 391101196, -671
0, 391106203, -678
0, 391111203, -684
0, 391116203, -691
0, 391121203, -696
0, 391126203, -702
0, 391131203, -708
0, 391136203, -713
0, 391141203, -719
0, 391146208, -723
0, 391151208, -728
0, 391156208, -733
0, 391161208, -737
0, 391166208, -741
0, 391171208, -745
0, 391176208, -749
0, 391181208, -753
0, 391186214, -756
0, 391191214, -759
0, 391196214, -762
0, 391201214, -765
0, 391206214, -768
0, 391211214, -770
0, 391216214, -773
0, 391221214, -775
0, 391226220, -776
0, 391231220, -778
0, 391236220, -780
0, 391241220, -781
0, 391246220, -782
0, 391251220, -783
0, 391256220, -784
0, 391261220, -784
0, 391266226, -784
0, 391271226, -785
0, 391276226, -785
0, 391281226, -785
0, 391286226, -784
0, 391291226, -784
0, 391296226, -783
0, 391301226, -782
0, 391306232, -781
0, 391311232, -780
0, 391316232, -778
0, 391321232, -777
0, 391326232, -775
0, 391331232, -773
0, 391336232, -771
0, 391341232, -768
0, 391346276, -765
0, 391351276, -763
0, 391356276, -760
0, 391361276, -757
0, 391366276, -753
0, 391371276, -750
0, 391376276, -746
0, 391381276, -742
0, 391386276, -738
0, 391391276, -734
0, 391396276, -729
0, 391401276, -724
0, 391406276, -719
0, 391411276, -714
0, 391416276, -709
0, 391421276, -704
0, 391426276, -698
0, 391431276, -692
0, 391436276, -686
0, 391441276, -680
0, 391446276, -673
0, 391451276, -666
0, 391456276, -660
0, 391461276, -652
0, 391466276, -645
0, 391471276, -639
0, 391476276, -631
0, 391481276, -624
0, 391486276, -616
0, 391491276, -607
0, 391496276, -599
0, 391501276, -590
0, 391506276, -581
0, 391511276, -572
0, 391516276, -563
0, 391521276, -553
0, 391526276, -544
0, 391531276, -534
0, 391536276, -524
0, 391541276, -513
0, 391546276, -503
0, 391551276, -492
0, 391556276, -481
0, 391561276, -470
0, 391566276, -459
0, 391571276, -448
0, 391576276, -436
0, 391581276, -424
0, 391586276, -412
0, 391591276, -400
0, 391596276, -388
0, 391601276, -375
0, 391606276, -362
0, 391611276, -349
0, 391616276, -337
0, 391621276, -324
0, 391626278, -310
0, 391631278, -297
0, 391636278, -283
0, 391641278, -269
0, 391646278, -258
0, 391651278, -244
0, 391656278, -231
0, 391661278, -217
0, 391666285, -202
0, 391671285, -188
0, 391676285, -173
0, 391681285, -159
0, 391686285, -145
0, 391691285, -130
0, 391696285, -115
0, 391701285, -100
0, 391706291, -85
0, 391711291, -71
0, 391716291, -56
0, 391721291, -41
0, 391726291, -26
0, 391731291, -11
0, 391736291, 4
0, 391741291, 18
0, 391746296, 34
0, 391751296, 48
0, 391756296, 63
0, 391761296, 78
0, 391766296, 93
0, 391771296, 107
0, 391776296, 122
0, 391781296, 136
0, 391786302, 151
0, 391791302, 165
0, 391796302, 179
0, 391801302, 193
0, 391806302, 207
0, 391811302, 218
0, 391816302, 232
0, 391821302, 245
0, 391826308, 259
0, 391831308, 272
0, 391836308, 286
0, 391841308, 299
0, 391846308, 312
0, 391851308, 324
0, 391856308, 337
0, 391861308, 349
0, 391866314, 362
0, 391871314, 374
0, 391876314, 386
0, 391881314, 397
0, 391886314, 409
0, 391891314, 420
0, 391896314, 431
0, 391901314, 442
0, 391906320, 453
0, 391911320, 464
0, 391916320, 474
0, 391921320, 484
0, 391926320, 494
0, 391931320, 504
0, 391936320, 513
0, 391941320, 522
0, 391946325, 531
0, 391951325, 540
0, 391956325, 549
0, 391961325, 557
0, 391966325, 566
0, 391971325, 574
0, 391976325, 582
0, 391981325, 588
0, 391986332, 595
0, 391991332, 602
0, 391996332, 609
0, 392001332, 616
0, 392006332, 623
0, 392011332, 629
0, 392016332, 635
0, 392021332, 641
0, 392026338, 647
0, 392031338, 652
0, 392036338, 658
0, 392041338, 663
0, 392046338, 668
0, 392051338, 672
0, 392056338, 677
0, 392061338, 681
0, 392066343, 685
0, 392071343, 689
0, 392076343, 693
0, 392081343, 696
0, 392086343, 700
0, 392091343, 703
0, 392096343, 706
0, 392101343, 708
0, 392106349, 711
0, 392111349, 713
0, 392116349, 715
0, 392121349, 717
0, 392126349, 719
0, 392131349, 720
0, 392136349, 721
0, 392141349, 722
0, 392146356, 723
0, 392151356, 724
0, 392156356, 724
0, 392161356, 725
0, 392166356, 725
0, 392171356, 725
0, 392176356, 724
0, 392181356, 724
0, 392186361, 723
0, 392191361, 722
0, 392196361, 721
0, 392201361, 720
0, 392206361, 719
0, 392211361, 717
0, 392216361, 715
0, 392221361, 713
0, 392226366, 711
0, 392231366, 708
0, 392236366, 706
0, 392241366, 703
0, 392246366, 700
0, 392251366, 697
0, 392256366, 693
0, 392261366, 690
0, 392266374, 686
0, 392271374, 682
0, 392276374, 678
0, 392281374, 673
0, 392286374, 669
0, 392291374, 664
0, 392296374, 659
0, 392301374, 653
0, 392306379, 648
0, 392311379, 642
0, 392316379, 636
0, 392321379, 630
0, 392326379, 624
0, 392331379, 618
0, 392336379, 611
0, 392341379, 604
0, 392346384, 597
0, 392351384, 590
0, 392356384, 582
0, 392361384, 575
0, 392366384, 567
0, 392371384, 559
0, 392376384, 550
0, 392381384, 542
0, 392386390, 533
0, 392391390, 524
0, 392396390, 515
0, 392401390, 508
0, 392406390, 498
0, 392411390, 488
0, 392416390, 479
0, 392421390, 469
0, 392426396, 459
0, 392431396, 448
0, 392436396, 437
0, 392441396, 427
0, 392446396, 415
0, 392451396, 404
0, 392456396, 393
0, 392461396, 382
0, 392466402, 370
0, 392471402, 358
0, 392476402, 346
0, 392481402, 334
0, 392486402, 321
0, 392491402, 309
0, 392496402, 296
0, 392501402, 284
0, 392506407, 271
0, 392511407, 257
0, 392516407, 244
0, 392521407, 231
0, 392526407, 218
0, 392531407, 204
0, 392536407, 191
0, 392541407, 177
0, 392546415, 163
0, 392551415, 149
0, 392556415, 135
0, 392561415, 121
0, 392566415, 107
0, 392571415, 96
0, 392576415, 82
0, 392581415, 67
0, 392586419, 53
0, 392591419, 39
0, 392596419, 25
0, 392601419, 11
0, 392606419, -4
0, 392611419, -18
0, 392616419, -32
0, 392621419, -46
0, 392626425, -60
0, 392631425, -75
0, 392636425, -89
0, 392641425, -103
0, 392646425, -117
0, 392651425, -131
0, 392656425, -145
0, 392661425, -158
0, 392666431, -172
0, 392671431, -186
0, 392676431, -199
0, 392681431, -212
0, 392686431, -226
0, 392691431, -239
0, 392696431, -252
0, 392701431, -264
0, 392706437, -277
0, 392711437, -290
0, 392716437, -302
0, 392721437, -314
0, 392726437, -326
0, 392731437, -339
0, 392736437, -350
0, 392741437, -359
0, 392746443, -371
0, 392751443, -382
0, 392756443, -393
0, 392761443, -404
0, 392766443, -415
0, 392771443, -425
0, 392776443, -436
0, 392781443, -446
0, 392786448, -456
0, 392791448, -465
0, 392796448, -475
0, 392801448, -484
0, 392806448, -493
0, 392811448, -502
0, 392816448, -511
0, 392821448, -519
0, 392826455, -528
0, 392831455, -536
0, 392836455, -543
0, 392841455, -551
0, 392846455, -558
0, 392851455, -566
0, 392856455, -573
0, 392861455, -579
0, 392866461, -586
0, 392871461, -592
0, 392876461, -598
0, 392881461, -604
0, 392886461, -610
0, 392891461, -616
0, 392896461, -621
0, 392901461, -626
0, 392906467, -631
0, 392911467, -636
0, 392916467, -640
0, 392921467, -644
0, 392926467, -648
0, 392931467, -651
0, 392936467, -655
0, 392941467, -658
0, 392946473, -662
0, 392951473, -665
0, 392956473, -667
0, 392961473, -670
0, 392966473, -672
0, 392971473, -675
0, 392976473, -677
0, 392981473, -678
0, 392986478, -680
0, 392991478, -681
0, 392996478, -682
0, 393001478, -683
0, 393006478, -684
0, 393011478, -685
0, 393016478, -685
0, 393021478, -685
0, 393026484, -685
0, 393031484, -685
0, 393036484, -684
0, 393041484, -684
0, 393046484, -683
0, 393051484, -682
0, 393056484, -680
0, 393061484, -679
0, 393066490, -677
0, 393071490, -675
0, 393076490, -673
0, 393081490, -671
0, 393086490, -668
0, 393091490, -666
0, 393096490, -663
0, 393101490, -660
0, 393106497, -656
0, 393111497, -653
0, 393116497, -649
0, 393121497, -645
0, 393126497, -641
0, 393131497, -637
0, 393136497, -632
0, 393141497, -627
0, 393146503, -622
0, 393151503, -617
0, 393156503, -612
0, 393161503, -607
0, 393166503, -601
0, 393171503, -596
0, 393176503, -589
0, 393181503, -583
0, 393186508, -576
0, 393191508, -570
0, 393196508, -563
0, 393201508, -556
0, 393206508, -548
0, 393211508, -540
0, 393216508, -533
0, 393221508, -525
0, 393226514, -517
0, 393231514, -508
0, 393236514, -500
0, 393241514, -491
0, 393246514, -482
0, 393251514, -472
0, 393256514, -463
0, 393261514, -454
0, 393266520, -444
0, 393271520, -434
0, 393276520, -424
0, 393281520, -414
0, 393286520, -403
0, 393291520, -393
0, 393296520, -382
0, 393301520, -371
0, 393306526, -360
0, 393311526, -348
0, 393316526, -337
0, 393321526, -325
0, 393326526, -313
0, 393331526, -302
0, 393336526, -292
0, 393341526, -280
0, 393346545, -267
0, 393351545, -255
0, 393356545, -242
0, 393361545, -229
0, 393366545, -217
0, 393371545, -204
0, 393376545, -191
0, 393381545, -178
0, 393386545, -165
0, 393391545, -152
0, 393396545, -138
0, 393401545, -125
0, 393406545, -112
0, 393411545, -98
0, 393416545, -85
0, 393421545, -71
0, 393426545, -58
0, 393431545, -44
0, 393436545, -30
0, 393441545, -17
0, 393446545, -3
0, 393451545, 11
0, 393456545, 24
0, 393461545, 37
0, 393466545, 51
0, 393471545, 64
0, 393476545, 78
0, 393481545, 89
0, 393486545, 102
0, 393491545, 115
0, 393496545, 129
0, 393501545, 142
0, 393506545, 155
0, 393511545, 168
0, 393516545, 180
0, 393521545, 193
0, 393526545, 206
0, 393531545, 218
0, 393536545, 231
0, 393541545, 243
0, 393546545, 255
0, 393551545, 267
0, 393556545, 279
0, 393561545, 291
0, 393566545, 302
0, 393571545, 314
0, 393576545, 325
0, 393581545, 336
0, 393586545, 347
0, 393591545, 358
0, 393596545, 368
0, 393601545, 379
0, 393606545, 389
0, 393611545, 399
0, 393616545, 409
0, 393621545, 418
0, 393626545, 428
0, 393631545, 437
0, 393636545, 446
0, 393641545, 455
0, 393646545, 462
0, 393651545, 470
0, 393656545, 479
0, 393661545, 487
0, 393666545, 495
0, 393671545, 502
0, 393676545, 510
0, 393681545, 517
0, 393686545, 524
0, 393691545, 531
0, 393696545, 538
0, 393701545, 544
0, 393706545, 550
0, 393711545, 556
0, 393716545, 562
0, 393721545, 568
0, 393726545, 573
0, 393731545, 578
0, 393736545, 583
0, 393741545, 588
0, 393746545, 593
0, 393751545, 597
0, 393756545, 601
0, 393761545, 605
0, 393766545, 609
0, 393771545, 612
0, 393776545, 616
0, 393781545, 619
0, 393786545, 622
0, 393791545, 624
0, 393796545, 627
0, 393801545, 629
0, 393806545, 631
0, 393811545, 633
0, 393816545, 634
0, 393821545, 636
0, 393826545, 637
0, 393831545, 638
0, 393836545, 639
0, 393841545, 639
0, 393846545, 640
0, 393851545, 640
0, 393856545, 640
0, 393861545, 640
0, 393866545, 639
0, 393871545, 639
0, 393876545, 638
0, 393881545, 637
0, 393886545, 636
0, 393891545, 634
0, 393896545, 632
0, 393901545, 631
0, 393906545, 628
0, 393911545, 626
0, 393916545, 624
0, 393921545, 621
0, 393926545, 618
0, 393931545, 615
0, 393936545, 612
0, 393941545, 608
0, 393946545, 605
0, 393951545, 601
0, 393956545, 597
0, 393961545, 592
0, 393966545, 588
0, 393971545, 583
0, 393976545, 578
0, 393981545, 573
0, 393986545, 568
0, 393991545, 562
0, 393996545, 556
0, 394001545, 550
0, 394006545, 544
0, 394011545, 538
0, 394016545, 531
0, 394021545, 524
0, 394026545, 517
0, 394031545, 510
0, 394036545, 503
0, 394041545, 495
0, 394046545, 487
0, 394051545, 481
0, 394056545, 473
0, 394061545, 465
0, 394066545, 456
0, 394071545, 447
0, 394076545, 438
0, 394081545, 429
0, 394086545, 420
0, 394091545, 411
0, 394096545, 401
0, 394101545, 391
0, 394106545, 381
0, 394111545, 371
0, 394116545, 361
0, 394121545, 350
0, 394126545, 340
0, 394131545, 329
0, 394136545, 318
0, 394141545, 307
0, 394146545, 295
0, 394151545, 284
0, 394156545, 272
0, 394161545, 261
0, 394166545, 249
0, 394171545, 237
0, 394176545, 225
0, 394181545, 213
0, 394186545, 201
0, 394191545, 188
0, 394196545, 176
0, 394201545, 163
0, 394206545, 151
0, 394211545, 138
0, 394216545, 126
0, 394221545, 113
0, 394226545, 102
0, 394231545, 89
0, 394236545, 77
0, 394241545, 63
0, 394246545, 51
0, 394251545, 37
0, 394256545, 24
0, 394261545, 12
1, 400715663, -869
1, 400720663, -870
1, 400725663, -871
1, 400730663, -872
1, 400735663, -873
1, 400740663, -874
1, 400745663, -874
1, 400750670, -875
1, 400755670, -875
1, 400760670, -875
1, 400765670, -875
1, 400770670, -875
1, 400775670, -874
1, 400780670, -874
1, 400785670, -873
1, 400790670, -872
1, 400795670, -871
1, 400800670, -870
1, 400805670, -868
1, 400810670, -867
1, 400815670, -865
1, 400820670, -863
1, 400825670, -861
1, 400830670, -859
1, 400835670, -857
1, 400840670, -854
1, 400845670, -851
1, 400850670, -848
1, 400855670, -845
1, 400860670, -842
1, 400865670, -839
1, 400870670, -835
1, 400875670, -832
1, 400880670, -828
1, 400885670, -824
1, 400890670, -820
1, 400895670, -816
1, 400900670, -812
1, 400905670, -807
1, 400910670, -802
1, 400915670, -797
1, 400920670, -792
1, 400925670, -787
1, 400930670, -781
1, 400935670, -775
1, 400940670, -769
1, 400945670, -763
1, 400950670, -757
1, 400955670, -750
1, 400960670, -743
1, 400965670, -737
1, 400970670, -729
1, 400975670, -722
1, 400980670, -715
1, 400985670, -707
1, 400990670, -699
1, 400995670, -691
1, 401000670, -683
1, 401005670, -674
1, 401010670, -666
1, 401015670, -657
1, 401020670, -648
1, 401025670, -638
1, 401030670, -629
1, 401035670, -619
1, 401040670, -609
1, 401045670, -599
1, 401050670, -589
1, 401055670, -579
1, 401060670, -568
1, 401065670, -559
1, 401070670, -548
1, 401075670, -537
1, 401080670, -525
1, 401085670, -514
1, 401090670, -502
1, 401095670, -490
1, 401100670, -477
1, 401105670, -465
1, 401110670, -452
1, 401115670, -440
1, 401120670, -427
1, 401125670, -413
1, 401130670, -400
1, 401135670, -387
1, 401140670, -373
1, 401145670, -359
1, 401150670, -345
1, 401155670, -331
1, 401160670, -317
1, 401165670, -303
1, 401170670, -288
1, 401175670, -273
1, 401180670, -258
1, 401185670, -244
1, 401190670, -229
1, 401195670, -213
1, 401200670, -198
1, 401205670, -183
1, 401210670, -168
1, 401215670, -152
1, 401220670, -139
1, 401225670, -124
1, 401230670, -108
1, 401235670, -92
1, 401240670, -77
1, 401245670, -61
1, 401250670, -45
1, 401255670, -29
1, 401260670, -13
1, 401265670, 2
1, 401270670, 18
1, 401275670, 34
1, 401280670, 50
1, 401285670, 65
1, 401290670, 81
1, 401295670, 97
1, 401300670, 112
1, 401305670, 128
1, 401310670, 143
1, 401315670, 159
1, 401320670, 174
1, 401325670, 189
1, 401330670, 204
1, 401335670, 219
1, 401340670, 233
1, 401345670, 248
1, 401350670, 262
1, 401355670, 277
1, 401360670, 291
1, 401365670, 305
1, 401370670, 319
1, 401375670, 333
1, 401380670, 343
1, 401385670, 357
1, 401390670, 370
1, 401395670, 383
1, 401400670, 396
1, 401405670, 408
1, 401410670, 421
1, 401415670, 433
1, 401420670, 445
1, 401425670, 457
1, 401430670, 469
1, 401435670, 480
1, 401440670, 492
1, 401445670, 503
1, 401450670, 513
1, 401455670, 524
1, 401460670, 535
1, 401465670, 545
1, 401470670, 555
1, 401475670, 565
1, 401480670, 574
1, 401485670, 584
1, 401490670, 593
1, 401495670, 602
1, 401500670, 611
1, 401505670, 619
1, 401510670, 627
1, 401515670, 635
1, 401520670, 643
1, 401525670, 651
1, 401530670, 658
1, 401535670, 666
1, 401540670, 673
1, 401545670, 679
1, 401550670, 686
1, 401555670, 693
1, 401560670, 697
1, 401565670, 704
1, 401570670, 709
1, 401575670, 715
1, 401580670, 720
1, 401585670, 726
1, 401590670, 731
1, 401595670, 736
1, 401600670, 740
1, 401605670, 745
1, 401610670, 749
1, 401615670, 753
1, 401620670, 757
1, 401625670, 761
1, 401630670, 764
1, 401635670, 767
1, 401640670, 770
1, 401645670, 773
1, 401650670, 776
1, 401655670, 779
1, 401660670, 781
1, 401665670, 783
1, 401670670, 785
1, 401675670, 787
1, 401680670, 788
1, 401685670, 790
1, 401690670, 791
1, 401695670, 792
1, 401700670, 793
1, 401705670, 794
1, 401710670, 794
1, 401715670, 795
1, 401720670, 795
1, 401725670, 795
1, 401730670, 795
1, 401735670, 794
1, 401740670, 794
1, 401745670, 793
1, 401750670, 792
1, 401755670, 791
1, 401760670, 790
1, 401765670, 788
1, 401770670, 787
1, 401775670, 785
1, 401780670, 783
1, 401785670, 781
1, 401790670, 779
1, 401795670, 776
1, 401800670, 773
1, 401805670, 770
1, 401810670, 767
1, 401815670, 764
1, 401820670, 760
1, 401825670, 757
1, 401830670, 753
1, 401835670, 749
1, 401840670, 745
1, 401845670, 740
1, 401850670, 736
1, 401855670, 731
1, 401860670, 726
1, 401865670, 721
1, 401870670, 715
1, 401875670, 710
1, 401880670, 704
1, 401885670, 698
1, 401890670, 692
1, 401895670, 686
1, 401900670, 679
1, 401905670, 672
1, 401910670, 665
1, 401915670, 658
1, 401920670, 651
1, 401925670, 643
1, 401930670, 635
1, 401935670, 628
1, 401940670, 619
1, 401945670, 611
1, 401950670, 603
1, 401955670, 594
1, 401960670, 585
1, 401965670, 577
1, 401970670, 568
1, 401975670, 558
1, 401980670, 549
1, 401985670, 539
1, 401990670, 529
1, 401995670, 518
1, 402000670, 508
1, 402005670, 497
1, 402010670, 486
1, 402015670, 475
1, 402020670, 463
1, 402025670, 452
1, 402030670, 440
1, 402035670, 428
1, 402040670, 416
1, 402045670, 404
1, 402050670, 392
1, 402055670, 379
1, 402060670, 366
1, 402065670, 353
1, 402070670, 340
1, 402075670, 327
1, 402080670, 313
1, 402085670, 300
1, 402090670, 286
1, 402095670, 272
1, 402100670, 259
1, 402105670, 244
1, 402110670, 230
1, 402115670, 216
1, 402120670, 202
1, 402125670, 187
1, 402130670, 172
1, 402135670, 161
1, 402140670, 146
1, 402145670, 131
1, 402150670, 116
1, 402155670, 101
1, 402160670, 86
1, 402165670, 71
1, 402170670, 56
1, 402175670, 41
1, 402180670, 26
1, 402185670, 11
1, 402190670, -4
1, 402195670, -20
1, 402200670, -35
1, 402205670, -50
1, 402210670, -65
1, 402215670, -80
1, 402220670, -95
1, 402225670, -110
1, 402230670, -124
1, 402235670, -139
1, 402240670, -154
1, 402245670, -169
1, 402250670, -183
1, 402255670, -197
1, 402260670, -211
1, 402265670, -226
1, 402270670, -240
1, 402275670, -253
1, 402280670, -267
1, 402285670, -280
1, 402290670, -294
1, 402295670, -305
1, 402300670, -318
1, 402305670, -331
1, 402310670, -344
1, 402315670, -356
1, 402320670, -369
1, 402325670, -381
1, 402330670, -393
1, 402335670, -405
1, 402340670, -417
1, 402345670, -429
1, 402350670, -440
1, 402355670, -451
1, 402360670, -462
1, 402365670, -473
1, 402370670, -483
1, 402375670, -494
1, 402380670, -504
1, 402385670, -513
1, 402390670, -523
1, 402395670, -533
1, 402400670, -542
1, 402405670, -551
1, 402410670, -560
1, 402415670, -569
1, 402420670, -577
1, 402425670, -585
1, 402430670, -593
1, 402435670, -601
1, 402440670, -609
1, 402445670, -616
1, 402450670, -623
1, 402455670, -630
1, 402460670, -637
1, 402465670, -642
1, 402470670, -648
1, 402475670, -655
1, 402480670, -660
1, 402485670, -666
1, 402490670, -672
1, 402495670, -677
1, 402500670, -682
1, 402505670, -687
1, 402510670, -692
1, 402515670, -696
1, 402520670, -700
1, 402525670, -704
1, 402530670, -708
1, 402535670, -712
1, 402540670, -715
1, 402545670, -718
1, 402550670, -721
1, 402555670, -724
1, 402560670, -727
1, 402565670, -729
1, 402570670, -731
1, 402575670, -733
1, 402580670, -735
1, 402585670, -737
1, 402590670, -738
1, 402595670, -739
1, 402600670, -740
1, 402605670, -741
1, 402610670, -742
1, 402615670, -742
1, 402620670, -743
1, 402625670, -743
1, 402630670, -743
1, 402635670, -742
1, 402640670, -742
1, 402645670, -741
1, 402650670, -740
1, 402655670, -739
1, 402660670, -737
1, 402665670, -736
1, 402670670, -734
1, 402675670, -733
1, 402680670, -731
1, 402685670, -728
1, 402690670, -726
1, 402695670, -723
1, 402700670, -720
1, 402705670, -717
1, 402710670, -714
1, 402715670, -711
1, 402720670, -707
1, 402725670, -703
1, 402730670, -699
1, 402735670, -695
1, 402740670, -691
1, 402745670, -686
1, 402750670, -681
1, 402755670, -676
1, 402760670, -671
1, 402765670, -665
1, 402770670, -660
1, 402775670, -654
1, 402780670, -648
1, 402785670, -641
1, 402790670, -635
1, 402795670, -628
1, 402800670, -621
1, 402805670, -614
1, 402810670, -607
1, 402815670, -600
1, 402820670, -592
1, 402825670, -584
1, 402830670, -576
1, 402835670, -568
1, 402840670, -559
1, 402845670, -550
1, 402850670, -541
1, 402855670, -532
1, 402860670, -523
1, 402865670, -513
1, 402870670, -506
1, 402875670, -496
1, 402880670, -486
1, 402885670, -476
1, 402890670, -465
1, 402895670, -455
1, 402900670, -444
1, 402905670, -433
1, 402910670, -421
1, 402915670, -410
1, 402920670, -399
1, 402925670, -387
1, 402930670, -375
1, 402935670, -363
1, 402940670, -351
1, 402945670, -339
1, 402950670, -326
1, 402955670, -313
1, 402960670, -301
1, 402965670, -288
1, 402970670, -275
1, 402975670, -261
1, 402980670, -248
1, 402985670, -235
1, 402990670, -221
1, 402995670, -208
1, 403000670, -194
1, 403005670, -180
1, 403010670, -166
1, 403015670, -152
1, 403020670, -138
1, 403025670, -124
1, 403030670, -109
1, 403035670, -98
1, 403040670, -84
1, 403045670, -70
1, 403050670, -56
1, 403055670, -41
1, 403060670, -27
1, 403065670, -12
1, 403070670, 2
1, 403075670, 16
1, 403080670, 31
1, 403085670, 45
1, 403090670, 59
1, 403095670, 74
1, 403100670, 88
1, 403105670, 102
1, 403110670, 116
1, 403115670, 130
1, 403120670, 144
1, 403125670, 157
1, 403130670, 171
1, 403135670, 185
1, 403140670, 198
1, 403145670, 212
1, 403150670, 225
1, 403155670, 238
1, 403160670, 251
1, 403165670, 264
1, 403170670, 277
1, 403175670, 289
1, 403180670, 302
1, 403185670, 314
1, 403190670, 326
1, 403195670, 336
1, 403200670, 348
1, 403205670, 359
1, 403210670, 371
1, 403215670, 382
1, 403220670, 393
1, 403225670, 404
1, 403230670, 415
1, 403235670, 425
1, 403240670, 436
1, 403245670, 446
1, 403250670, 456
1, 403255670, 466
1, 403260670, 475
1, 403265670, 484
1, 403270670, 494
1, 403275670, 503
1, 403280670, 511
1, 403285670, 520
1, 403290670, 528
1, 403295670, 536
1, 403300670, 544
1, 403305670, 552
1, 403310670, 559
1, 403315670, 566
1, 403320670, 574
1, 403325670, 580
1, 403330670, 587
1, 403335670, 593
1, 403340670, 600
1, 403345670, 606
1, 403350670, 611
1, 403355670, 617
1, 403360670, 622
1, 403365670, 627
1, 403370670, 632
1, 403375670, 636
1, 403380670, 641
1, 403385670, 645
1, 403390670, 649
1, 403395670, 653
1, 403400670, 657
1, 403405670, 660
1, 403410670, 664
1, 403415670, 667
1, 403420670, 669
1, 403425670, 672
1, 403430670, 675
1, 403435670, 677
1, 403440670, 679
1, 403445670, 681
1, 403450670, 683
1, 403455670, 684
1, 403460670, 685
1, 403465670, 686
1, 403470670, 687
1, 403475670, 688
1, 403480670, 688
1, 403485670, 688
1, 403490670, 688
1, 403495670, 688
1, 403500670, 688
1, 403505670, 687
1, 403510670, 687
1, 403515670, 686
1, 403520670, 685
1, 403525670, 683
1, 403530670, 682
1, 403535670, 680
1, 403540670, 678
1, 403545670, 676
1, 403550670, 673
1, 403555670, 671
1, 403560670, 668
1, 403565670, 665
1, 403570670, 662
1, 403575670, 658
1, 403580670, 655
1, 403585670, 651
1, 403590670, 648
1, 403595670, 643
1, 403600670, 639
1, 403605670, 634
1, 403610670, 629
1, 403615670, 625
1, 403620670, 619
1, 403625670, 614
1, 403630670, 608
1, 403635670, 603
1, 403640670, 596
1, 403645670, 590
1, 403650670, 584
1, 403655670, 577
1, 403660670, 570
1, 403665670, 563
1, 403670670, 556
1, 403675670, 548
1, 403680670, 541
1, 403685670, 533
1, 403690670, 525
1, 403695670, 517
1, 403700670, 508
1, 403705670, 500
1, 403710670, 491
1, 403715670, 482
1, 403720670, 472
1, 403725670, 463
1, 403730670, 453
1, 403735670, 444
1, 403740670, 433
1, 403745670, 423
1, 403750670, 413
1, 403755670, 402
1, 403760670, 392
1, 403765670, 381
1, 403770670, 372
1, 403775670, 361
1, 403780670, 349
1, 403785670, 338
1, 403790670, 326
1, 403795670, 314
1, 403800670, 302
1, 403805670, 290
1, 403810670, 278
1, 403815670, 265
1, 403820670, 253
1, 403825670, 240
1, 403830670, 227
1, 403835670, 215
1, 403840670, 201
1, 403845670, 188
1, 403850670, 175
1, 403855670, 162
1, 403860670, 149
1, 403865670, 135
1, 403870670, 122
1, 403875670, 108
1, 403880670, 95
1, 403885670, 81
1, 403890670, 67
1, 403895670, 54
1, 403900670, 40
1, 403905670, 26
1, 403910670, 12
1, 403915670, -1
1, 403920670, -15
1, 403925670, -29
1, 403930670, -43
1, 403935670, -54
1, 403940670, -67
1, 403945670, -81
1, 403950670, -95
1, 403955670, -108
1, 403960670, -122
1, 403965670, -135
1, 403970670, -148
1, 403975670, -161
1, 403980670, -175
1, 403985670, -188
1, 403990670, -201
1, 403995670, -213
1, 404000670, -226
1, 404005670, -239
1, 404010670, -251
1, 404015670, -263
1, 404020670, -275
1, 404025670, -287
1, 404030670, -299
1, 404035670, -311
1, 404040670, -323
1, 404045670, -334
1, 404050670, -345
1, 404055670, -356
1, 404060670, -367
1, 404065670, -377
1, 404070670, -388
1, 404075670, -398
1, 404080670, -408
1, 404085670, -419
1, 404090670, -428
1, 404095670, -438
1, 404100670, -447
1, 404105670, -456
1, 404110670, -464
1, 404115670, -472
1, 404120670, -481
1, 404125670, -489
1, 404130670, -497
1, 404135670, -505
1, 404140670, -513
1, 404145670, -521
1, 404150670, -528
1, 404155670, -535
1, 404160670, -542
1, 404165670, -549
1, 404170670, -555
1, 404175670, -562
1, 404180670, -568
1, 404185670, -574
1, 404190670, -579
1, 404195670, -585
1, 404200670, -590
1, 404205670, -595
1, 404210670, -600
1, 404215670, -604
1, 404220670, -609
1, 404225670, -613
1, 404230670, -617
1, 404235670, -621
1, 404240670, -624
1, 404245670, -628
1, 404250670, -631
1, 404255670, -634
1, 404260670, -636
1, 404265670, -639
1, 404270670, -641
1, 404275670, -643
1, 404280670, -645
1, 404285670, -647
1, 404290670, -648
1, 404295670, -649
1, 404300670, -650
1, 404305670, -651
1, 404310670, -652
1, 404315670, -652
1, 404320670, -652
1, 404325670, -652
1, 404330670, -652
1, 404335670, -652
1, 404340670, -651
1, 404345670, -650
1, 404350670, -649
1, 404355670, -648
1, 404360670, -647
1, 404365670, -645
1, 404370670, -643
1, 404375670, -641
1, 404380670, -639
1, 404385670, -637
1, 404390670, -634
1, 404395670, -631
1, 404400670, -628
1, 404405670, -625
1, 404410670, -621
1, 404415670, -617
1, 404420670, -614
1, 404425670, -609
1, 404430670, -605
1, 404435670, -601
1, 404440670, -596
1, 404445670, -591
1, 404450670, -586
1, 404455670, -581
1, 404460670, -575
1, 404465670, -569
1, 404470670, -563
1, 404475670, -557
1, 404480670, -551
1, 404485670, -544
1, 404490670, -537
1, 404495670, -531
1, 404500670, -523
1, 404505670, -516
1, 404510670, -510
1, 404515670, -502
1, 404520670, -494
1, 404525670, -486
1, 404530670, -478
1, 404535670, -469
1, 404540670, -461
1, 404545670, -452
1, 404550670, -443
1, 404555670, -433
1, 404560670, -424
1, 404565670, -414
1, 404570670, -404
1, 404575670, -395
1, 404580670, -384
1, 404585670, -374
1, 404590670, -364
1, 404595670, -353
1, 404600670, -342
1, 404605670, -331
1, 404610670, -320
1, 404615670, -309
1, 404620670, -297
1, 404625670, -286
1, 404630670, -275
1, 404635670, -263
1, 404640670, -251
1, 404645670, -239
1, 404650670, -227
1, 404655670, -215
1, 404660670, -202
1, 404665670, -189
1, 404670670, -177
1, 404675670, -164
1, 404680670, -154
1, 404685670, -141
1, 404690670, -129
1, 404695670, -116
1, 404700670, -103
1, 404705670, -90
1, 404710670, -77
1, 404715670, -64
1, 404720670, -51
1, 404725670, -37
1, 404730670, -24
1, 404735670, -11
1, 404740670, 2
1, 404745670, 15
1, 404750670, 28
1, 404755670, 41
1, 404760670, 54
1, 404765670, 67
1, 404770670, 80
1, 404775670, 93
1, 404780670, 105
1, 404785670, 119
1, 404790670, 131
1, 404795670, 144
1, 404800670, 156
1, 404805670, 169
1, 404810670, 181
1, 404815670, 193
1, 404820670, 205
1, 404825670, 217
1, 404830670, 229
1, 404835670, 241
1, 404840670, 253
1, 404845670, 262
1, 404850670, 273
1, 404855670, 284
1, 404860670, 295
1, 404865670, 307
1, 404870670, 317
1, 404875670, 328
1, 404880670, 338
1, 404885670, 348
1, 404890670, 359
1, 404895670, 369
1, 404900670, 378
1, 404905670, 388
1, 404910670, 397
1, 404915670, 407
1, 404920670, 415
1, 404925670, 424
1, 404930670, 433
1, 404935670, 441
1, 404940670, 450
1, 404945670, 458
1, 404950670, 465
1, 404955670, 473
1, 404960670, 481
1, 404965670, 488
1, 404970670, 495
1, 404975670, 502
1, 404980670, 508
1, 404985670, 515
1, 404990670, 521
1, 404995670, 527
1, 405000670, 533
1, 405005670, 538
1, 405010670, 544
1, 405015670, 549
1, 405020670, 554
1, 405025670, 559
1, 405030670, 563
1, 405035670, 567
1, 405040670, 571
1, 405045670, 575
1, 405050670, 579
1, 405055670, 582
1, 405060670, 585
1, 405065670, 588
1, 405070670, 591
1, 405075670, 594
1, 405080670, 596
1, 405085670, 599
1, 405090670, 601
1, 405095670, 603
1, 405100670, 604
1, 405105670, 606
1, 405110670, 607
1, 405115670, 608
1, 405120670, 609
1, 405125670, 609
1, 405130670, 610
1, 405135670, 610
1, 405140670, 610
1, 405145670, 610
1, 405150670, 609
1, 405155670, 609
1, 405160670, 608
1, 405165670, 607
1, 405170670, 605
1, 405175670, 604
1, 405180670, 602
1, 405185670, 600
1, 405190670, 598
1, 405195670, 596
1, 405200670, 593
1, 405205670, 591
1, 405210670, 588
1, 405215670, 585
1, 405220670, 581
1, 405225670, 578
1, 405230670, 574
1, 405235670, 570
1, 405240670, 567
1, 405245670, 563
1, 405250670, 558
1, 405255670, 553
1, 405260670, 548
1, 405265670, 543
1, 405270670, 538
1, 405275670, 532
1, 405280670, 527
1, 405285670, 521
1, 405290670, 514
1, 405295670, 508
1, 405300670, 501
1, 405305670, 495
1, 405310670, 488
1, 405315670, 481
1, 405320670, 473
1, 405325670, 466
1, 405330670, 458
1, 405335670, 450
1, 405340670, 442
1, 405345670, 434
1, 405350670, 425
1, 405355670, 417
1, 405360670, 408
1, 405365670, 399
1, 405370670, 390
1, 405375670, 380
1, 405380670, 371
1, 405385670, 361
1, 405390670, 351
1, 405395670, 341
1, 405400670, 331
1, 405405670, 320
1, 405410670, 310
1, 405415670, 299
1, 405420670, 291
1, 405425670, 280
1, 405430670, 269
1, 405435670, 258
1, 405440670, 246
1, 405445670, 235
1, 405450670, 223
1, 405455670, 212
1, 405460670, 200
1, 405465670, 188
1, 405470670, 176
1, 405475670, 164
1, 405480670, 152
1, 405485670, 140
1, 405490670, 128
1, 405495670, 115
1, 405500670, 103
1, 405505670, 90
1, 405510670, 78
1, 405515670, 65
1, 405520670, 53
1, 405525670, 40
1, 405530670, 28
1, 405535670, 15
1, 405540670, 2
1, 405545670, -10
1, 405550670, -23
1, 405555670, -35
1, 405560670, -48
1, 405565670, -60
1, 405570670, -73
1, 405575670, -85
1, 405580670, -97
1, 405585670, -110
1, 405590670, -122
1, 405595673, -132
1, 405600673, -144
1, 405605673, -156
1, 405610673, -168
1, 405615673, -180
1, 405620673, -192
1, 405625673, -203
1, 405630673, -215
1, 405635673, -226
1, 405640673, -237
1, 405645673, -248
1, 405650673, -259
1, 405655673, -271
1, 405660673, -281
1, 405665673, -292
1, 405670673, -302
1, 405675673, -313
1, 405680673, -323
1, 405685673, -333
1, 405690673, -342
1, 405695673, -352
1, 405700673, -361
1, 405705673, -371
1, 405710673, -380
2, 410733117, -512
2, 410738117, -509
2, 410743117, -506
2, 410748117, -503
2, 410753117, -499
2, 410758117, -495
2, 410763117, -491
2, 410768117, -488
2, 410773117, -483
2, 410778117, -479
2, 410783117, -474
2, 410788117, -469
2, 410793117, -464
2, 410798117, -459
2, 410803117, -453
2, 410808117, -448
2, 410813117, -442
2, 410818117, -436
2, 410823117, -429
2, 410828117, -423
2, 410833117, -416
2, 410838117, -409
2, 410843117, -402
2, 410848117, -395
2, 410853117, -388
2, 410858117, -381
2, 410863117, -373
2, 410868117, -365
2, 410873117, -357
2, 410878117, -349
2, 410883117, -341
2, 410888117, -332
2, 410893117, -323
2, 410898117, -315
2, 410903117, -306
2, 410908117, -297
2, 410913117, -287
2, 410918117, -278
2, 410923117, -269
2, 410928117, -259
2, 410933117, -249
2, 410938117, -240
2, 410943117, -230
2, 410948117, -220
2, 410953117, -212
2, 410958117, -201
2, 410963117, -191
2, 410968117, -180
2, 410973117, -170
2, 410978117, -159
2, 410983117, -148
2, 410988117, -138
2, 410993117, -127
2, 410998117, -116
2, 411003117, -105
2, 411008117, -94
2, 411013117, -83
2, 411018117, -72
2, 411023117, -61
2, 411028117, -50
2, 411033117, -39
2, 411038117, -28
2, 411043117, -16
2, 411048117, -5
2, 411053117, 6
2, 411058117, 17
2, 411063117, 28
2, 411068117, 40
2, 411073117, 51
2, 411078117, 62
2, 411083117, 73
2, 411088117, 83
2, 411093117, 95
2, 411098117, 105
2, 411103117, 116
2, 411108117, 127
2, 411113117, 138
2, 411118117, 148
2, 411123117, 159
2, 411128117, 167
2, 411133117, 177
2, 411138117, 188
2, 411143117, 197
2, 411148117, 207
2, 411153117, 217
2, 411158117, 227
2, 411163117, 237
2, 411168117, 246
2, 411173117, 256
2, 411178117, 265
2, 411183117, 274
2, 411188117, 283
2, 411193117, 292
2, 411198117, 300
2, 411203117, 309
2, 411208117, 317
2, 411213117, 326
2, 411218117, 334
2, 411223117, 341
2, 411228117, 349
2, 411233117, 357
2, 411238117, 364
2, 411243117, 371
2, 411248117, 378
2, 411253117, 385
2, 411258117, 392
2, 411263117, 398
2, 411268117, 404
2, 411273117, 411
2, 411278117, 417
2, 411283117, 422
2, 411288117, 428
2, 411293117, 433
2, 411298117, 438
2, 411303117, 442
2, 411308117, 447
2, 411313117, 452
2, 411318117, 456
2, 411323117, 460
2, 411328117, 464
2, 411333117, 468
2, 411338117, 472
2, 411343117, 475
2, 411348117, 478
2, 411353117, 481
2, 411358117, 484
2, 411363117, 487
2, 411368117, 489
2, 411373117, 491
2, 411378117, 493
2, 411383117, 495
2, 411388117, 497
2, 411393117, 498
2, 411398117, 499
2, 411403117, 500
2, 411408117, 501
2, 411413117, 502
2, 411418117, 502
2, 411423117, 502
2, 411428117, 502
2, 411433117, 502
2, 411438117, 502
2, 411443117, 501
2, 411448117, 500
2, 411453117, 499
2, 411458117, 498
2, 411463117, 497
2, 411468117, 495
2, 411473117, 493
2, 411478117, 491
2, 411483117, 489
2, 411488117, 487
2, 411493117, 484
2, 411498117, 481
2, 411503117, 478
2, 411508117, 475
2, 411513117, 472
2, 411518117, 468
2, 411523117, 464
2, 411528117, 461
2, 411533117, 457
2, 411538117, 453
2, 411543117, 448
2, 411548117, 444
2, 411553117, 439
2, 411558117, 434
2, 411563117, 428
2, 411568117, 423
2, 411573117, 417
2, 411578117, 411
2, 411583117, 405
2, 411588117, 399
2, 411593117, 393
2, 411598117, 386
2, 411603117, 380
2, 411608117, 373
2, 411613117, 366
2, 411618117, 359
2, 411623117, 351
2, 411628117, 344
2, 411633117, 336
2, 411638117, 328
2, 411643117, 320
2, 411648117, 312
2, 411653117, 304
2, 411658117, 295
2, 411663117, 286
2, 411668117, 278
2, 411673117, 269
2, 411678117, 260
2, 411683117, 251
2, 411688117, 241
2, 411693117, 232
2, 411698117, 222
2, 411703117, 213
2, 411708117, 203
2, 411713117, 193
2, 411718117, 184
2, 411723117, 176
2, 411728117, 165
2, 411733117, 155
2, 411738117, 145
2, 411743117, 135
2, 411748117, 124
2, 411753117, 114
2, 411758117, 103
2, 411763117, 93
2, 411768117, 82
2, 411773117, 72
2, 411778117, 61
2, 411783117, 50
2, 411788117, 40
2, 411793117, 29
2, 411798117, 18
2, 411803117, 7
2, 411808117, -4
2, 411813117, -14
2, 411818117, -25
2, 411823117, -36
2, 411828117, -46
2, 411833117, -57
2, 411838117, -68
2, 411843117, -78
2, 411848117, -89
2, 411853117, -99
2, 411858117, -110
2, 411863117, -120
2, 411868117, -131
2, 411873117, -141
2, 411878117, -151
2, 411883117, -161
2, 411888117, -171
2, 411893117, -179
2, 411898117, -189
2, 411903117, -198
2, 411908117, -208
2, 411913117, -217
2, 411918117, -227
2, 411923117, -236
2, 411928117, -245
2, 411933117, -254
2, 411938117, -263
2, 411943117, -272
2, 411948117, -280
2, 411953117, -289
2, 411958117, -297
2, 411963117, -305
2, 411968117, -313
2, 411973117, -321
2, 411978117, -328
2, 411983117, -336
2, 411988117, -343
2, 411993117, -350
2, 411998117, -357
2, 412003117, -364
2, 412008117, -371
2, 412013117, -377
2, 412018117, -384
2, 412023117, -390
2, 412028117, -396
2, 412033117, -401
2, 412038117, -407
2, 412043117, -412
2, 412048117, -417
2, 412053117, -422
2, 412058117, -427
2, 412063117, -432
2, 412068117, -436
2, 412073117, -441
2, 412078117, -445
2, 412083117, -448
2, 412088117, -451
2, 412093117, -455
2, 412098117, -458
2, 412103117, -461
2, 412108117, -464
2, 412113117, -467
2, 412118117, -469
2, 412123117, -472
2, 412128117, -474
2, 412133117, -476
2, 412138117, -477
2, 412143117, -479
2, 412148117, -480
2, 412153117, -481
2, 412158117, -482
2, 412163117, -483
2, 412168117, -484
2, 412173117, -484
2, 412178117, -484
2, 412183117, -484
2, 412188117, -484
2, 412193117, -484
2, 412198117, -483
2, 412203117, -482
2, 412208117, -481
2, 412213117, -480
2, 412218117, -478
2, 412223117, -477
2, 412228117, -475
2, 412233117, -473
2, 412238117, -471
2, 412243117, -468
2, 412248117, -465
2, 412253117, -463
2, 412258117, -460
2, 412263117, -456
2, 412268117, -453
2, 412273117, -449
2, 412278117, -446
2, 412283117, -442
2, 412288117, -438
2, 412293117, -433
2, 412298117, -430
2, 412303117, -425
2, 412308117, -420
2, 412313117, -415
2, 412318117, -410
2, 412323117, -405
2, 412328117, -399
2, 412333117, -393
2, 412338117, -387
2, 412343117, -381
2, 412348117, -375
2, 412353117, -369
2, 412358117, -362
2, 412363117, -355
2, 412368117, -348
2, 412373117, -341
2, 412378117, -334
2, 412383117, -327
2, 412388117, -319
2, 412393117, -312
2, 412398117, -304
2, 412403117, -296
2, 412408117, -288
2, 412413117, -280
2, 412418117, -271
2, 412423117, -263
2, 412428117, -254
2, 412433117, -245
2, 412438117, -236
2, 412443117, -227
2, 412448117, -218
2, 412453117, -209
2, 412458117, -200
2, 412463117, -190
2, 412468117, -181
2, 412473117, -171
2, 412478117, -161
2, 412483117, -152
2, 412488117, -142
2, 412493117, -134
2, 412498117, -124
2, 412503117, -114
2, 412508117, -104
2, 412513117, -94
2, 412518117, -84
2, 412523117, -74
2, 412528117, -64
2, 412533117, -53
2, 412538117, -43
2, 412543117, -33
2, 412548117, -22
2, 412553117, -12
2, 412558117, -2
2, 412563117, 8
2, 412568117, 19
2, 412573117, 29
2, 412578117, 39
2, 412583117, 49
2, 412588117, 60
2, 412593117, 70
2, 412598117, 80
2, 412603117, 90
2, 412608117, 100
2, 412613117, 110
2, 412618117, 120
2, 412623117, 130
2, 412628117, 139
2, 412633117, 149
2, 412638117, 159
2, 412643117, 168
2, 412648117, 177
2, 412653117, 187
2, 412658117, 196
2, 412663117, 205
2, 412668117, 214
2, 412673117, 223
2, 412678117, 229
2, 412683117, 238
2, 412688117, 247
2, 412693117, 255
2, 412698117, 263
2, 412703117, 271
2, 412708117, 279
2, 412713117, 287
2, 412718117, 295
2, 412723117, 302
2, 412728117, 310
2, 412733117, 317
2, 412738117, 324
2, 412743117, 331
2, 412748117, 337
2, 412753117, 344
2, 412758117, 350
2, 412763117, 356
2, 412768117, 362
2, 412773117, 368
2, 412778117, 374
2, 412783117, 379
2, 412788117, 385
2, 412793117, 390
2, 412798117, 395
2, 412803117, 400
2, 412808117, 404
2, 412813117, 409
2, 412818117, 413
2, 412823117, 417
2, 412828117, 421
2, 412833117, 424
2, 412838117, 428
2, 412843117, 431
2, 412848117, 434
2, 412853117, 437
2, 412858117, 440
2, 412863117, 443
2, 412868117, 444
2, 412873117, 447
2, 412878117, 448
2, 412883117, 450
2, 412888117, 452
2, 412893117, 453
2, 412898117, 455
2, 412903117, 456
2, 412908117, 456
2, 412913117, 457
2, 412918117, 457
2, 412923117, 458
2, 412928117, 458
2, 412933117, 458
2, 412938117, 457
2, 412943117, 457
2, 412948117, 456
2, 412953117, 455
2, 412958117, 454
2, 412963117, 453
2, 412968117, 451
2, 412973117, 449
2, 412978117, 447
2, 412983117, 445
2, 412988117, 443
2, 412993117, 441
2, 412998117, 438
2, 413003117, 435
2, 413008117, 432
2, 413013117, 429
2, 413018117, 425
2, 413023117, 422
2, 413028117, 418
2, 413033117, 414
2, 413038117, 410
2, 413043117, 406
2, 413048117, 401
2, 413053117, 396
2, 413058117, 392
2, 413063117, 387
2, 413068117, 381
2, 413073117, 376
2, 413078117, 371
2, 413083117, 366
2, 413088117, 360
2, 413093117, 354
2, 413098117, 348
2, 413103117, 341
2, 413108117, 335
2, 413113117, 328
2, 413118117, 321
2, 413123117, 315
2, 413128117, 307
2, 413133117, 300
2, 413138117, 292
2, 413143117, 285
2, 413148117, 277
2, 413153117, 270
2, 413158117, 262
2, 413163117, 253
2, 413168117, 245
2, 413173117, 237
2, 413178117, 228
2, 413183117, 220
2, 413188117, 211
2, 413193117, 202
2, 413198117, 194
2, 413203117, 184
2, 413208117, 175
2, 413213117, 166
2, 413218117, 157
2, 413223117, 148
2, 413228117, 138
2, 413233117, 129
2, 413238117, 119
2, 413243117, 110
2, 413248117, 100
2, 413253117, 90
2, 413258117, 80
2, 413263117, 73
2, 413268117, 63
2, 413273117, 53
2, 413278117, 43
2, 413283117, 33
2, 413288117, 23
2, 413293117, 13
2, 413298117, 3
2, 413303117, -7
2, 413308117, -16
2, 413313117, -26
2, 413318117, -36
2, 413323117, -46
2, 413328117, -56
2, 413333117, -66
2, 413338117, -76
2, 413343117, -85
2, 413348117, -95
2, 413353117, -105
2, 413358117, -114
2, 413363117, -124
2, 413368117, -133
2, 413373117, -142
2, 413378117, -152
2, 413383117, -161
2, 413388117, -170
2, 413393117, -179
2, 413398117, -188
2, 413403117, -197
2, 413408117, -205
2, 413413117, -214
2, 413418117, -222
2, 413423117, -231
2, 413428117, -239
2, 413433117, -247
2, 413438117, -255
2, 413443117, -261
2, 413448117, -269
2, 413453117, -277
2, 413458117, -284
2, 413463117, -291
2, 413468117, -299
2, 413473117, -305
2, 413478117, -312
2, 413483117, -319
2, 413488117, -325
2, 413493117, -332
2, 413498117, -338
2, 413503117, -344
2, 413508117, -350
2, 413513117, -356
2, 413518117, -361
2, 413523117, -367
2, 413528117, -372
2, 413533117, -377
2, 413538117, -381
2, 413543117, -386
2, 413548117, -391
2, 413553117, -395
2, 413558117, -399
2, 413563117, -403
2, 413568117, -407
2, 413573117, -410
2, 413578117, -414
2, 413583117, -417
2, 413588117, -420
2, 413593117, -423
2, 413598117, -425
2, 413603117, -428
2, 413608117, -430
2, 413613117, -432
2, 413618117, -434
2, 413623117, -436
2, 413628117, -437
2, 413633117, -439
2, 413638117, -440
2, 413643117, -441
2, 413648117, -441
2, 413653117, -442
2, 413658117, -442
2, 413663117, -443
2, 413668117, -443
2, 413673117, -442
2, 413678117, -442
2, 413683117, -441
2, 413688117, -441
2, 413693117, -440
2, 413698117, -439
2, 413703117, -437
2, 413708117, -436
2, 413713117, -434
2, 413718117, -432
2, 413723117, -430
2, 413728117, -428
2, 413733117, -426
2, 413738117, -423
2, 413743117, -420
2, 413748117, -417
2, 413753117, -414
2, 413758117, -411
2, 413763117, -407
2, 413768117, -404
2, 413773117, -400
2, 413778117, -396
2, 413783117, -391
2, 413788117, -387
2, 413793117, -382
2, 413798117, -378
2, 413803117, -373
2, 413808117, -368
2, 413813117, -362
2, 413818117, -357
2, 413823117, -351
2, 413828117, -346
2, 413833117, -340
2, 413838117, -335
2, 413843117, -329
2, 413848117, -322
2, 413853117, -316
2, 413858117, -309
2, 413863117, -303
2, 413868117, -296
2, 413873117, -288
2, 413878117, -281
2, 413883117, -274
2, 413888117, -267
2, 413893117, -259
2, 413898117, -251
2, 413903117, -243
2, 413908117, -235
2, 413913117, -227
2, 413918117, -219
2, 413923117, -211
2, 413928117, -202
2, 413933117, -194
2, 413938117, -185
2, 413943117, -177
2, 413948117, -168
2, 413953117, -159
2, 413958117, -150
2, 413963117, -141
2, 413968117, -132
2, 413973117, -123
2, 413978117, -114
2, 413983117, -105
2, 413988117, -95
2, 413993117, -86
2, 413998117, -76
2, 414003117, -67
2, 414008117, -58
2, 414013117, -48
2, 414018117, -39
2, 414023117, -29
2, 414028117, -22
2, 414033117, -12
2, 414038117, -2
2, 414043117, 7
2, 414048117, 16
2, 414053117, 26
2, 414058117, 36
2, 414063117, 45
2, 414068117, 54
2, 414073117, 64
2, 414078117, 73
2, 414083117, 82
2, 414088117, 92
2, 414093117, 101
2, 414098117, 110
2, 414103117, 119
2, 414108117, 128
2, 414113117, 137
2, 414118117, 146
2, 414123117, 155
2, 414128117, 163
2, 414133117, 172
2, 414138117, 180
2, 414143117, 189
2, 414148117, 197
2, 414153117, 205
2, 414158117, 213
2, 414163117, 221
2, 414168117, 229
2, 414173117, 237
2, 414178117, 244
2, 414183117, 252
2, 414188117, 259
2, 414193117, 266
2, 414198117, 273
2, 414203117, 280
2, 414208117, 285
2, 414213117, 292
2, 414218117, 299
2, 414223117, 305
2, 414228117, 311
2, 414233117, 317
2, 414238117, 323
2, 414243117, 329
2, 414248117, 334
2, 414253117, 339
2, 414258117, 345
2, 414263117, 350
2, 414268117, 355
2, 414273117, 359
2, 414278117, 364
2, 414283117, 368
2, 414288117, 372
2, 414293117, 376
2, 414298117, 380
2, 414303117, 384
2, 414308117, 387
2, 414313117, 391
2, 414318117, 394
2, 414323117, 397
2, 414328117, 400
2, 414333117, 402
2, 414338117, 404
2, 414343117, 407
2, 414348117, 409
2, 414353117, 411
2, 414358117, 412
2, 414363117, 414
2, 414368117, 415
2, 414373117, 416
2, 414378117, 417
2, 414383117, 418
2, 414388117, 418
2, 414393117, 419
2, 414398117, 419
2, 414403117, 419
2, 414408117, 419
2, 414413117, 418
2, 414418117, 418
2, 414423117, 417
2, 414428117, 416
2, 414433117, 415
2, 414438117, 414
2, 414443117, 412
2, 414448117, 411
2, 414453117, 409
2, 414458117, 407
2, 414463117, 405
2, 414468117, 402
2, 414473117, 400
2, 414478117, 397
2, 414483117, 394
2, 414488117, 391
2, 414493117, 388
2, 414498117, 384
2, 414503117, 381
2, 414508117, 377
2, 414513117, 373
2, 414518117, 369
2, 414523117, 365
2, 414528117, 360
2, 414533117, 356
2, 414538117, 351
2, 414543117, 346
2, 414548117, 341
2, 414553117, 335
2, 414558117, 330
2, 414563117, 324
2, 414568117, 319
2, 414573117, 313
2, 414578117, 307
2, 414583117, 300
2, 414588117, 294
2, 414593117, 288
2, 414598117, 281
2, 414603117, 274
2, 414608117, 267
2, 414613117, 260
2, 414618117, 253
2, 414623117, 246
2, 414628117, 240
2, 414633117, 232
2, 414638117, 225
2, 414643117, 217
2, 414648117, 209
2, 414653117, 201
2, 414658117, 193
2, 414663117, 185
2, 414668117, 177
2, 414673117, 169
2, 414678117, 160
2, 414683117, 152
2, 414688117, 143
2, 414693117, 134
2, 414698117, 126
2, 414703117, 117
2, 414708117, 108
2, 414713117, 99
2, 414718117, 90
2, 414723117, 81
2, 414728117, 72
2, 414733117, 63
2, 414738117, 54
2, 414743117, 45
2, 414748117, 36
2, 414753117, 27
2, 414758117, 17
2, 414763117, 8
2, 414768117, -1
2, 414773117, -10
2, 414778117, -20
2, 414783117, -29
2, 414788117, -38
2, 414793117, -47
2, 414798117, -56
2, 414803117, -65
2, 414808117, -72
2, 414813117, -81
2, 414818117, -90
2, 414823117, -99
2, 414828117, -108
2, 414833117, -117
2, 414838117, -125
2, 414843117, -134
2, 414848117, -143
2, 414853117, -151
2, 414858117, -159
2, 414863117, -168
2, 414868117, -176
2, 414873117, -184
2, 414878117, -192
2, 414883117, -200
2, 414888117, -208
2, 414893117, -216
2, 414898117, -223
2, 414903117, -230
2, 414908117, -238
2, 414913117, -245
2, 414918117, -252
2, 414923117, -259
2, 414928117, -266
2, 414933117, -273
2, 414938117, -279
2, 414943117, -285
2, 414948117, -292
2, 414953117, -298
2, 414958117, -304
2, 414963117, -309
2, 414968117, -315
2, 414973117, -321
2, 414978117, -326
2, 414983117, -331
2, 414988117, -336
2, 414993117, -341
2, 414998117, -345
2, 415003117, -349
2, 415008117, -354
2, 415013117, -358
2, 415018117, -362
2, 415023117, -366
2, 415028117, -369
2, 415033117, -373
2, 415038117, -376
2, 415043117, -380
2, 415048117, -383
2, 415053117, -385
2, 415058117, -388
2, 415063117, -391
2, 415068117, -393
2, 415073117, -395
2, 415078117, -397
2, 415083117, -399
2, 415088117, -400
2, 415093117, -402
2, 415098117, -403
2, 415103117, -404
2, 415108117, -405
2, 415113117, -405
2, 415118117, -406
2, 415123117, -406
2, 415128117, -406
2, 415133117, -406
2, 415138117, -406
2, 415143117, -406
2, 415148117, -405
2, 415153117, -404
2, 415158117, -403
2, 415163117, -402
2, 415168117, -401
2, 415173117, -399
2, 415178117, -398
2, 415183117, -396
2, 415188117, -394
2, 415193117, -392
2, 415198117, -389
2, 415203117, -387
2, 415208117, -384
2, 415213117, -381
2, 415218117, -379
2, 415223117, -375
2, 415228117, -372
2, 415233117, -368
2, 415238117, -365
2, 415243117, -361
2, 415248117, -357
2, 415253117, -353
2, 415258117, -348
2, 415263117, -344
2, 415268117, -339
2, 415273117, -334
2, 415278117, -329
2, 415283117, -324
2, 415288117, -319
2, 415293117, -313
2, 415298117, -308
2, 415303117, -302
2, 415308117, -296
2, 415313117, -290
2, 415318117, -284
2, 415323117, -278
2, 415328117, -271
2, 415333117, -264
2, 415338117, -258
2, 415343117, -251
2, 415348117, -244
2, 415353117, -237
2, 415358117, -230
2, 415363117, -223
2, 415368117, -215
2, 415373117, -207
2, 415378117, -200
2, 415383117, -192
2, 415388117, -184
2, 415393117, -177
2, 415398117, -168
2, 415403117, -160
2, 415408117, -152
2, 415413117, -144
2, 415418117, -137
2, 415423117, -129
2, 415428117, -121
2, 415433117, -112
2, 415438117, -104
2, 415443117, -95
2, 415448117, -86
2, 415453117, -78
2, 415458117, -69
2, 415463117, -60
2, 415468117, -52
2, 415473117, -43
2, 415478117, -34
2, 415483117, -25
2, 415488117, -17
2, 415493117, -8
2, 415498117, 1
2, 415503117, 10
2, 415508117, 19
2, 415513117, 28
2, 415518117, 36
2, 415523117, 45
2, 415528117, 54
2, 415533117, 63
2, 415538117, 71
2, 415543117, 80
2, 415548117, 88
2, 415553117, 97
2, 415558117, 105
2, 415563117, 114
2, 415568117, 122
2, 415573117, 130
2, 415578117, 138
2, 415583117, 147
2, 415588117, 154
2, 415593117, 162
2, 415598117, 168
2, 415603117, 176
2, 415608117, 184
2, 415613117, 191
2, 415618117, 199
2, 415623117, 206
2, 415628117, 213
2, 415633117, 221
2, 415638117, 227
2, 415643117, 234
2, 415648117, 241
2, 415653117, 248
2, 415658117, 254
2, 415663117, 260
2, 415668117, 267
2, 415673117, 273
2, 415678117, 279
2, 415683117, 284
2, 415688117, 290
2, 415693117, 296
2, 415698117, 301
2, 415703117, 306
2, 415708117, 311
2, 415713117, 316
2, 415718117, 321
2, 415723117, 325
2, 415728117, 330
3, 418318225, -74
3, 418323225, -66
3, 418328225, -59
3, 418333225, -51
3, 418338225, -44
3, 418343225, -36
3, 418348225, -28
3, 418353225, -21
3, 418358225, -13
3, 418363225, -6
3, 418368225, 2
3, 418373225, 10
3, 418378225, 17
3, 418383225, 25
3, 418388225, 32
3, 418393225, 40
3, 418398225, 47
3, 418403225, 55
3, 418408225, 62
3, 418413225, 70
3, 418418225, 77
3, 418423225, 84
3, 418428225, 92
3, 418433225, 99
3, 418438225, 106
3, 418443225, 113
3, 418448225, 120
3, 418453225, 127
3, 418458225, 134
3, 418463225, 141
3, 418468225, 147
3, 418473225, 154
3, 418478225, 159
3, 418483225, 166
3, 418488225, 172
3, 418493225, 179
3, 418498225, 185
3, 418503225, 191
3, 418508225, 197
3, 418513225, 203
3, 418518225, 208
3, 418523225, 214
3, 418528225, 220
3, 418533225, 225
3, 418538225, 230
3, 418543225, 235
3, 418548225, 240
3, 418553225, 245
3, 418558225, 250
3, 418563225, 255
3, 418568225, 260
3, 418573225, 264
3, 418578225, 268
3, 418583225, 272
3, 418588225, 276
3, 418593225, 280
3, 418598225, 284
3, 418603225, 288
3, 418608225, 291
3, 418613225, 294
3, 418618225, 297
3, 418623225, 300
3, 418628225, 303
3, 418633225, 306
3, 418638225, 308
3, 418643225, 311
3, 418648225, 313
3, 418653225, 315
3, 418658225, 317
3, 418663225, 318
3, 418668225, 320
3, 418673225, 322
3, 418678225, 323
3, 418683225, 324
3, 418688225, 325
3, 418693225, 326
3, 418698225, 327
3, 418703225, 327
3, 418708225, 327
3, 418713225, 328
3, 418718225, 328
3, 418723225, 328
3, 418728225, 327
3, 418733225, 327
3, 418738225, 327
3, 418743225, 326
3, 418748225, 325
3, 418753225, 324
3, 418758225, 323
3, 418763225, 321
3, 418768225, 320
3, 418773225, 318
3, 418778225, 316
3, 418783225, 314
3, 418788225, 312
3, 418793225, 310
3, 418798225, 307
3, 418803225, 305
3, 418808225, 302
3, 418813225, 299
3, 418818225, 296
3, 418823225, 293
3, 418828225, 290
3, 418833225, 286
3, 418838225, 283
3, 418843225, 279
3, 418848225, 275
3, 418853225, 271
3, 418858225, 267
3, 418863225, 263
3, 418868225, 258
3, 418873225, 254
3, 418878225, 250
3, 418883225, 245
3, 418888225, 240
3, 418893225, 236
3, 418898225, 231
3, 418903225, 225
3, 418908225, 220
3, 418913225, 214
3, 418918225, 209
3, 418923225, 203
3, 418928225, 197
3, 418933225, 191
3, 418938225, 185
3, 418943225, 179
3, 418948225, 173
3, 418953225, 167
3, 418958225, 161
3, 418963225, 154
3, 418968225, 148
3, 418973225, 141
3, 418978225, 135
3, 418983225, 128
3, 418988225, 121
3, 418993225, 114
3, 418998225, 107
3, 419003225, 100
3, 419008225, 93
3, 419013225, 86
3, 419018225, 79
3, 419023225, 72
3, 419028225, 65
3, 419033225, 57
3, 419038225, 50
3, 419043225, 43
3, 419048225, 36
3, 419053225, 28
3, 419058225, 21
3, 419063225, 15
3, 419068225, 8
3, 419073225, 0
3, 419078225, -7
3, 419083225, -14
3, 419088225, -21
3, 419093225, -29
3, 419098225, -36
3, 419103225, -44
3, 419108225, -51
3, 419113225, -58
3, 419118225, -65
3, 419123225, -72
3, 419128225, -79
3, 419133225, -86
3, 419138225, -93
3, 419143225, -100
3, 419148225, -107
3, 419153225, -114
3, 419158225, -121
3, 419163225, -128
3, 419168225, -134
3, 419173225, -141
3, 419178225, -147
3, 419183225, -154
3, 419188225, -160
3, 419193225, -166
3, 419198225, -172
3, 419203225, -178
3, 419208225, -184
3, 419213225, -190
3, 419218225, -196
3, 419223225, -201
3, 419228225, -207
3, 419233225, -213
3, 419238225, -218
3, 419243225, -223
3, 419248225, -228
3, 419253225, -232
3, 419258225, -237
3, 419263225, -242
3, 419268225, -246
3, 419273225, -251
3, 419278225, -255
3, 419283225, -259
3, 419288225, -264
3, 419293225, -267
3, 419298225, -271
3, 419303225, -275
3, 419308225, -279
3, 419313225, -282
3, 419318225, -285
3, 419323225, -288
3, 419328225, -291
3, 419333225, -294
3, 419338225, -297
3, 419343225, -299
3, 419348225, -302
3, 419353225, -304
3, 419358225, -306
3, 419363225, -308
3, 419368225, -310
3, 419373225, -312
3, 419378225, -313
3, 419383225, -314
3, 419388225, -316
3, 419393225, -317
3, 419398225, -317
3, 419403225, -318
3, 419408225, -319
3, 419413225, -319
3, 419418225, -320
3, 419423225, -320
3, 419428225, -320
3, 419433225, -320
3, 419438225, -319
3, 419443225, -319
3, 419448225, -318
3, 419453225, -317
3, 419458225, -316
3, 419463225, -315
3, 419468225, -314
3, 419473225, -313
3, 419478225, -311
3, 419483225, -310
3, 419488225, -308
3, 419493225, -306
3, 419498225, -304
3, 419503225, -301
3, 419508225, -299
3, 419513225, -297
3, 419518225, -294
3, 419523225, -291
3, 419528225, -288
3, 419533225, -285
3, 419538225, -282
3, 419543225, -278
3, 419548225, -275
3, 419553225, -271
3, 419558225, -267
3, 419563225, -264
3, 419568225, -259
3, 419573225, -255
3, 419578225, -251
3, 419583225, -247
3, 419588225, -242
3, 419593225, -237
3, 419598225, -233
3, 419603225, -228
3, 419608225, -223
3, 419613225, -218
3, 419618225, -212
3, 419623225, -207
3, 419628225, -202
3, 419633225, -196
3, 419638225, -190
3, 419643225, -185
3, 419648225, -179
3, 419653225, -173
3, 419658225, -168
3, 419663225, -162
3, 419668225, -156
3, 419673225, -150
3, 419678225, -144
3, 419683225, -137
3, 419688225, -131
3, 419693225, -124
3, 419698225, -118
3, 419703225, -111
3, 419708225, -104
3, 419713225, -98
3, 419718225, -91
3, 419723225, -84
3, 419728225, -77
3, 419733225, -70
3, 419738225, -63
3, 419743225, -56
3, 419748225, -49
3, 419753225, -42
3, 419758225, -35
3, 419763225, -28
3, 419768225, -21
3, 419773225, -14
3, 419778225, -7
3, 419783225, 0
3, 419788225, 7
3, 419793225, 14
3, 419798225, 21
3, 419803225, 28
3, 419808225, 35
3, 419813225, 42
3, 419818225, 49
3, 419823225, 56
3, 419828225, 63
3, 419833225, 70
3, 419838225, 76
3, 419843225, 83
3, 419848225, 88
3, 419853225, 95
3, 419858225, 102
3, 419863225, 108
3, 419868225, 115
3, 419873225, 121
3, 419878225, 128
3, 419883225, 134
3, 419888225, 140
3, 419893225, 146
3, 419898225, 152
3, 419903225, 158
3, 419908225, 164
3, 419913225, 170
3, 419918225, 176
3, 419923225, 181
3, 419928225, 187
3, 419933225, 192
3, 419938225, 197
3, 419943225, 203
3, 419948225, 208
3, 419953225, 213
3, 419958225, 217
3, 419963225, 222
3, 419968225, 227
3, 419973225, 231
3, 419978225, 236
3, 419983225, 240
3, 419988225, 244
3, 419993225, 248
3, 419998225, 252
3, 420003225, 256
3, 420008225, 259
3, 420013225, 263
3, 420018225, 266
3, 420023225, 269
3, 420028225, 272
3, 420033225, 275
3, 420038225, 278
3, 420043225, 280
3, 420048225, 283
3, 420053225, 285
3, 420058225, 287
3, 420063225, 289
3, 420068225, 291
3, 420073225, 293
3, 420078225, 295
3, 420083225, 296
3, 420088225, 297
3, 420093225, 299
3, 420098225, 300
3, 420103225, 301
3, 420108225, 301
3, 420113225, 302
3, 420118225, 303
3, 420123225, 303
3, 420128225, 303
3, 420133225, 303
3, 420138225, 303
3, 420143225, 303
3, 420148225, 302
3, 420153225, 302
3, 420158225, 301
3, 420163225, 300
3, 420168225, 299
3, 420173225, 298
3, 420178225, 297
3, 420183225, 295
3, 420188225, 294
3, 420193225, 292
3, 420198225, 290
3, 420203225, 288
3, 420208225, 286
3, 420213225, 284
3, 420218225, 281
3, 420223225, 279
3, 420228225, 276
3, 420233225, 273
3, 420238225, 270
3, 420243225, 267
3, 420248225, 264
3, 420253225, 260
3, 420258225, 257
3, 420263225, 254
3, 420268225, 250
3, 420273225, 246
3, 420278225, 242
3, 420283225, 238
3, 420288225, 234
3, 420293225, 229
3, 420298225, 225
3, 420303225, 220
3, 420308225, 216
3, 420313225, 211
3, 420318225, 206
3, 420323225, 201
3, 420328225, 196
3, 420333225, 190
3, 420338225, 185
3, 420343225, 180
3, 420348225, 174
3, 420353225, 168
3, 420358225, 163
3, 420363225, 157
3, 420368225, 151
3, 420373225, 145
3, 420378225, 139
3, 420383225, 133
3, 420388225, 127
3, 420393225, 121
3, 420398225, 114
3, 420403225, 108
3, 420408225, 101
3, 420413225, 95
3, 420418225, 89
3, 420423225, 82
3, 420428225, 76
3, 420433225, 69
3, 420438225, 62
3, 420443225, 55
3, 420448225, 49
3, 420453225, 43
3, 420458225, 36
3, 420463225, 30
3, 420468225, 23
3, 420473225, 16
3, 420478225, 9
3, 420483225, 2
3, 420488225, -4
3, 420493225, -11
3, 420498225, -18
3, 420503225, -25
3, 420508225, -32
3, 420513225, -38
3, 420518225, -45
3, 420523225, -52
3, 420528225, -59
3, 420533225, -65
3, 420538225, -72
3, 420543225, -78
3, 420548225, -85
3, 420553225, -91
3, 420558225, -98
3, 420563225, -104
3, 420568225, -110
3, 420573225, -117
3, 420578225, -123
3, 420583225, -129
3, 420588225, -135
3, 420593225, -141
3, 420598225, -147
3, 420603225, -153
3, 420608225, -159
3, 420613225, -164
3, 420618225, -170
3, 420623225, -175
3, 420628225, -181
3, 420633225, -186
3, 420638225, -191
3, 420643225, -196
3, 420648225, -200
3, 420653225, -205
3, 420658225, -210
3, 420663225, -214
3, 420668225, -219
3, 420673225, -223
3, 420678225, -228
3, 420683225, -232
3, 420688225, -236
3, 420693225, -240
3, 420698225, -244
3, 420703225, -248
3, 420708225, -251
3, 420713225, -255
3, 420718225, -258
3, 420723225, -261
3, 420728225, -264
3, 420733225, -267
3, 420738225, -270
3, 420743225, -272
3, 420748225, -275
3, 420753225, -277
3, 420758225, -280
3, 420763225, -282
3, 420768225, -284
3, 420773225, -285
3, 420778225, -287
3, 420783225, -289
3, 420788225, -290
3, 420793225, -291
3, 420798225, -292
3, 420803225, -293
3, 420808225, -294
3, 420813225, -295
3, 420818225, -295
3, 420823225, -296
3, 420828225, -296
3, 420833225, -296
3, 420838225, -296
3, 420843225, -296
3, 420848225, -296
3, 420853225, -295
3, 420858225, -295
3, 420863225, -294
3, 420868225, -293
3, 420873225, -292
3, 420878225, -291
3, 420883225, -290
3, 420888225, -288
3, 420893225, -287
3, 420898225, -285
3, 420903225, -283
3, 420908225, -281
3, 420913225, -279
3, 420918225, -277
3, 420923225, -274
3, 420928225, -272
3, 420933225, -269
3, 420938225, -266
3, 420943225, -263
3, 420948225, -260
3, 420953225, -257
3, 420958225, -254
3, 420963225, -250
3, 420968225, -247
3, 420973225, -243
3, 420978225, -239
3, 420983225, -235
3, 420988225, -231
3, 420993225, -227
3, 420998225, -223
3, 421003225, -218
3, 421008225, -214
3, 421013225, -209
3, 421018225, -205
3, 421023225, -200
3, 421028225, -195
3, 421033225, -190
3, 421038225, -185
3, 421043225, -180
3, 421048225, -174
3, 421053225, -169
3, 421058225, -165
3, 421063225, -159
3, 421068225, -153
3, 421073225, -148
3, 421078225, -142
3, 421083225, -136
3, 421088225, -130
3, 421093225, -124
3, 421098225, -118
3, 421103225, -112
3, 421108225, -106
3, 421113225, -100
3, 421118225, -94
3, 421123225, -88
3, 421128225, -81
3, 421133225, -75
3, 421138225, -68
3, 421143225, -62
3, 421148225, -56
3, 421153225, -49
3, 421158225, -43
3, 421163225, -36
3, 421168225, -29
3, 421173225, -23
3, 421178225, -16
3, 421183225, -10
3, 421188225, -3
3, 421193225, 3
3, 421198225, 10
3, 421203225, 16
3, 421208225, 23
3, 421213225, 30
3, 421218225, 36
3, 421223225, 43
3, 421228225, 49
3, 421233225, 55
3, 421238225, 62
3, 421243225, 68
3, 421248225, 73
3, 421253225, 79
3, 421258225, 86
3, 421263225, 92
3, 421268225, 98
3, 421273225, 104
3, 421278225, 110
3, 421283225, 116
3, 421288225, 122
3, 421293225, 128
3, 421298225, 133
3, 421303225, 139
3, 421308225, 145
3, 421313225, 150
3, 421318225, 156
3, 421323225, 161
3, 421328225, 166
3, 421333225, 171
3, 421338225, 176
3, 421343225, 181
3, 421348225, 186
3, 421353225, 191
3, 421358225, 196
3, 421363225, 200
3, 421368225, 204
3, 421373225, 209
3, 421378225, 213
3, 421383225, 217
3, 421388225, 221
3, 421393225, 225
3, 421398225, 229
3, 421403225, 232
3, 421408225, 236
3, 421413225, 239
3, 421418225, 243
3, 421423225, 246
3, 421428225, 249
3, 421433225, 252
3, 421438225, 254
3, 421443225, 256
3, 421448225, 259
3, 421453225, 261
3, 421458225, 264
3, 421463225, 266
3, 421468225, 268
3, 421473225, 270
3, 421478225, 271
3, 421483225, 273
3, 421488225, 274
3, 421493225, 276
3, 421498225, 277
3, 421503225, 278
3, 421508225, 279
3, 421513225, 279
3, 421518225, 280
3, 421523225, 280
3, 421528225, 281
3, 421533225, 281
3, 421538225, 281
3, 421543225, 281
3, 421548225, 281
3, 421553225, 280
3, 421558225, 280
3, 421563225, 279
3, 421568225, 278
3, 421573225, 277
3, 421578225, 276
3, 421583225, 275
3, 421588225, 274
3, 421593225, 272
3, 421598225, 271
3, 421603225, 269
3, 421608225, 267
3, 421613225, 265
3, 421618225, 263
3, 421623225, 260
3, 421628225, 258
3, 421633225, 255
3, 421638225, 253
3, 421643225, 250
3, 421648225, 247
3, 421653225, 244
3, 421658225, 241
3, 421663225, 238
3, 421668225, 235
3, 421673225, 231
3, 421678225, 227
3, 421683225, 224
3, 421688225, 220
3, 421693225, 216
3, 421698225, 212
3, 421703225, 208
3, 421708225, 203
3, 421713225, 199
3, 421718225, 194
3, 421723225, 190
3, 421728225, 185
3, 421733225, 180
3, 421738225, 175
3, 421743225, 170
3, 421748225, 165
3, 421753225, 160
3, 421758225, 155
3, 421763225, 149
3, 421768225, 144
3, 421773225, 139
3, 421778225, 133
3, 421783225, 128
3, 421788225, 122
3, 421793225, 116
3, 421798225, 110
3, 421803225, 104
3, 421808225, 99
3, 421813225, 92
3, 421818225, 86
3, 421823225, 80
3, 421828225, 74
3, 421833225, 68
3, 421838225, 62
3, 421843225, 56
3, 421848225, 49
3, 421853225, 44
3, 421858225, 38
3, 421863225, 32
3, 421868225, 25
3, 421873225, 19
3, 421878225, 13
3, 421883225, 7
3, 421888225, 0
3, 421893225, -6
3, 421898225, -13
3, 421903225, -19
3, 421908225, -25
3, 421913225, -32
3, 421918225, -38
3, 421923225, -44
3, 421928225, -51
3, 421933225, -57
3, 421938225, -63
3, 421943225, -69
3, 421948225, -75
3, 421953225, -81
3, 421958225, -87
3, 421963225, -93
3, 421968225, -99
3, 421973225, -105
3, 421978225, -111
3, 421983225, -116
3, 421988225, -122
3, 421993225, -128
3, 421998225, -133
3, 422003225, -139
3, 422008225, -144
3, 422013225, -149
3, 422018225, -155
3, 422023225, -160
3, 422028225, -165
3, 422033225, -170
3, 422038225, -175
3, 422043225, -178
3, 422048225, -183
3, 422053225, -188
3, 422058225, -192
3, 422063225, -197
3, 422068225, -201
3, 422073225, -205
3, 422078225, -209
3, 422083225, -213
3, 422088225, -217
3, 422093225, -221
3, 422098225, -224
3, 422103225, -228
3, 422108225, -231
3, 422113225, -235
3, 422118225, -238
3, 422123225, -241
3, 422128225, -244
3, 422133225, -247
3, 422138225, -249
3, 422143225, -252
3, 422148225, -254
3, 422153225, -256
3, 422158225, -259
3, 422163225, -261
3, 422168225, -262
3, 422173225, -264
3, 422178225, -266
3, 422183225, -267
3, 422188225, -269
3, 422193225, -270
3, 422198225, -271
3, 422203225, -272
3, 422208225, -273
3, 422213225, -273
3, 422218225, -274
3, 422223225, -274
3, 422228225, -275
3, 422233225, -275
3, 422238225, -275
3, 422243225, -275
3, 422248225, -274
3, 422253225, -274
3, 422258225, -274
3, 422263225, -273
3, 422268225, -272
3, 422273225, -271
3, 422278225, -270
3, 422283225, -269
3, 422288225, -268
3, 422293225, -266
3, 422298225, -265
3, 422303225, -263
3, 422308225, -261
3, 422313225, -259
3, 422318225, -257
3, 422323225, -255
3, 422328225, -252
3, 422333225, -250
3, 422338225, -247
3, 422343225, -245
3, 422348225, -242
3, 422353225, -239
3, 422358225, -236
3, 422363225, -233
3, 422368225, -229
3, 422373225, -226
3, 422378225, -222
3, 422383225, -219
3, 422388225, -215
3, 422393225, -211
3, 422398225, -207
3, 422403225, -203
3, 422408225, -199
3, 422413225, -195
3, 422418225, -190
3, 422423225, -186
3, 422428225, -181
3, 422433225, -176
3, 422438225, -172
3, 422443225, -167
3, 422448225, -162
3, 422453225, -157
3, 422458225, -152
3, 422463225, -147
3, 422468225, -141
3, 422473225, -136
3, 422478225, -132
3, 422483225, -127
3, 422488225, -121
3, 422493225, -116
3, 422498225, -110
3, 422503225, -104
3, 422508225, -99
3, 422513225, -93
3, 422518225, -87
3, 422523225, -81
3, 422528225, -75
3, 422533225, -69
3, 422538225, -63
3, 422543225, -57
3, 422548225, -52
3, 422553225, -45
3, 422558225, -39
3, 422563225, -33
3, 422568225, -27
3, 422573225, -21
3, 422578225, -15
3, 422583225, -9
3, 422588225, -3
3, 422593225, 3
3, 422598225, 9
3, 422603225, 15
3, 422608225, 21
3, 422613225, 28
3, 422618225, 34
3, 422623225, 40
3, 422628225, 46
3, 422633225, 52
3, 422638225, 58
3, 422643225, 64
3, 422648225, 69
3, 422653225, 75
3, 422658225, 81
3, 422663225, 87
3, 422668225, 92
3, 422673225, 98
3, 422678225, 103
3, 422683225, 108
3, 422688225, 113
3, 422693225, 119
3, 422698225, 124
3, 422703225, 130
3, 422708225, 135
3, 422713225, 140
3, 422718225, 145
3, 422723225, 150
3, 422728225, 155
3, 422733225, 159
3, 422738225, 164
3, 422743225, 169
3, 422748225, 173
3, 422753225, 178
3, 422758225, 182
3, 422763225, 186
3, 422768225, 190
3, 422773225, 194
3, 422778225, 198
3, 422783225, 202
3, 422788225, 206
3, 422793225, 209
3, 422798225, 213
3, 422803225, 216
3, 422808225, 219
3, 422813225, 223
3, 422818225, 226
3, 422823225, 228
3, 422828225, 231
3, 422833225, 234
3, 422838225, 236
3, 422843225, 239
3, 422848225, 241
3, 422853225, 243
3, 422858225, 245
3, 422863225, 247
3, 422868225, 249
3, 422873225, 251
3, 422878225, 252
3, 422883225, 253
3, 422888225, 255
3, 422893225, 256
3, 422898225, 257
3, 422903225, 258
3, 422908225, 259
3, 422913225, 259
3, 422918225, 260
3, 422923225, 260
3, 422928225, 260
3, 422933225, 260
3, 422938225, 260
3, 422943225, 260
3, 422948225, 260
3, 422953225, 260
3, 422958225, 259
3, 422963225, 258
3, 422968225, 258
3, 422973225, 257
3, 422978225, 256
3, 422983225, 255
3, 422988225, 253
3, 422993225, 252
3, 422998225, 250
3, 423003225, 248
3, 423008225, 247
3, 423013225, 245
3, 423018225, 243
3, 423023225, 240
3, 423028225, 238
3, 423033225, 236
3, 423038225, 233
3, 423043225, 230
3, 423048225, 228
3, 423053225, 225
3, 423058225, 222
3, 423063225, 218
3, 423068225, 215
3, 423073225, 212
3, 423078225, 208
3, 423083225, 205
3, 423088225, 201
3, 423093225, 197
3, 423098225, 193
3, 423103225, 190
3, 423108225, 186
3, 423113225, 182
3, 423118225, 178
3, 423123225, 173
3, 423128225, 169
3, 423133225, 164
3, 423138225, 160
3, 423143225, 155
3, 423148225, 150
3, 423153225, 145
3, 423158225, 141
3, 423163225, 135
3, 423168225, 130
3, 423173225, 125
3, 423178225, 120
3, 423183225, 115
3, 423188225, 110
3, 423193225, 104
3, 423198225, 99
3, 423203225, 93
3, 423208225, 88
3, 423213225, 82
3, 423218225, 76
3, 423223225, 71
3, 423228225, 65
3, 423233225, 59
3, 423238225, 53
3, 423243225, 48
3, 423248225, 42
3, 423253225, 36
3, 423258225, 30
3, 423263225, 24
3, 423268225, 18
3, 423273225, 12
3, 423278225, 7
3, 423283225, 1
3, 423288225, -5
3, 423293225, -11
3, 423298225, -16
3, 423303225, -22
3, 423308225, -28
3, 423313225, -33
4, 429895923, 150
4, 429900923, 149
4, 429905923, 148
4, 429910923, 147
4, 429915923, 145
4, 429920923, 144
4, 429925923, 143
4, 429930923, 141
4, 429935923, 140
4, 429940923, 138
4, 429945923, 136
4, 429950923, 135
4, 429955923, 133
4, 429960923, 131
4, 429965923, 129
4, 429970923, 127
4, 429975923, 125
4, 429980923, 123
4, 429985923, 120
4, 429990923, 118
4, 429995923, 116
4, 430000923, 113
4, 430005923, 111
4, 430010923, 108
4, 430015923, 106
4, 430020923, 103
4, 430025923, 100
4, 430030923, 97
4, 430035923, 95
4, 430040923, 92
4, 430045923, 89
4, 430050923, 86
4, 430055923, 83
4, 430060923, 80
4, 430065923, 77
4, 430070923, 73
4, 430075923, 70
4, 430080923, 67
4, 430085923, 64
4, 430090923, 61
4, 430095923, 57
4, 430100923, 54
4, 430105923, 51
4, 430110923, 47
4, 430115923, 44
4, 430120923, 40
4, 430125923, 37
4, 430130923, 33
4, 430135923, 30
4, 430140923, 26
4, 430145923, 23
4, 430150923, 20
4, 430155923, 16
4, 430160923, 13
4, 430165923, 9
4, 430170923, 6
4, 430175923, 2
4, 430180923, -1
4, 430185923, -5
4, 430190923, -9
4, 430195923, -12
4, 430200923, -16
4, 430205923, -19
4, 430210923, -23
4, 430215923, -26
4, 430220923, -30
4, 430225923, -33
4, 430230923, -37
4, 430235923, -40
4, 430240923, -44
4, 430245923, -47
4, 430250923, -51
4, 430255923, -54
4, 430260923, -57
4, 430265923, -60
4, 430270923, -64
4, 430275923, -67
4, 430280923, -70
4, 430285923, -73
4, 430290923, -76
4, 430295923, -80
4, 430300923, -83
4, 430305923, -85
4, 430310923, -88
4, 430315923, -91
4, 430320923, -94
4, 430325923, -97
4, 430330923, -100
4, 430335923, -102
4, 430340923, -105
4, 430345923, -107
4, 430350923, -110
4, 430355923, -112
4, 430360928, -114
4, 430365928, -117
4, 430370928, -119
4, 430375928, -121
4, 430380928, -123
4, 430385928, -125
4, 430390928, -127
4, 430395928, -129
4, 430400928, -131
4, 430405928, -133
4, 430410928, -134
4, 430415928, -136
4, 430420928, -138
4, 430425928, -139
4, 430430928, -141
4, 430435928, -142
4, 430440928, -143
4, 430445928, -144
4, 430450928, -145
4, 430455928, -147
4, 430460928, -148
4, 430465928, -148
4, 430470928, -149
4, 430475928, -150
4, 430480928, -151
4, 430485928, -151
4, 430490928, -152
4, 430495928, -152
4, 430500928, -152
4, 430505928, -153
4, 430510928, -153
4, 430515928, -153
4, 430520928, -153
4, 430525928, -153
4, 430530928, -153
4, 430535928, -152
4, 430540928, -152
4, 430545928, -152
4, 430550928, -151
4, 430555928, -151
4, 430560928, -150
4, 430565928, -149
4, 430570928, -149
4, 430575928, -148
4, 430580928, -147
4, 430585928, -146
4, 430590928, -145
4, 430595928, -144
4, 430600928, -143
4, 430605928, -141
4, 430610928, -140
4, 430615928, -139
4, 430620928, -137
4, 430625928, -135
4, 430630928, -134
4, 430635928, -132
4, 430640928, -130
4, 430645928, -128
4, 430650928, -127
4, 430655928, -125
4, 430660928, -123
4, 430665928, -120
4, 430670928, -118
4, 430675928, -116
4, 430680928, -114
4, 430685928, -111
4, 430690928, -109
4, 430695928, -106
4, 430700928, -104
4, 430705928, -101
4, 430710928, -99
4, 430715928, -96
4, 430720928, -93
4, 430725928, -91
4, 430730928, -88
4, 430735928, -85
4, 430740928, -82
4, 430745928, -79
4, 430750928, -76
4, 430755928, -73
4, 430760928, -70
4, 430765928, -67
4, 430770928, -64
4, 430775928, -61
4, 430780928, -58
4, 430785928, -55
4, 430790928, -51
4, 430795928, -48
4, 430800928, -45
4, 430805928, -41
4, 430810928, -38
4, 430815928, -35
4, 430820928, -32
4, 430825928, -28
4, 430830928, -25
4, 430835928, -21
4, 430840928, -18
4, 430845928, -15
4, 430850928, -11
4, 430855928, -8
4, 430860928, -4
4, 430865928, -1
4, 430870928, 3
4, 430875928, 6
4, 430880928, 9
4, 430885928, 13
4, 430890928, 16
4, 430895928, 20
4, 430900928, 23
4, 430905928, 27
4, 430910928, 30
4, 430915928, 33
4, 430920928, 36
4, 430925928, 40
4, 430930928, 43
4, 430935928, 46
4, 430940928, 49
4, 430945928, 53
4, 430950928, 56
4, 430955928, 59
4, 430960928, 62
4, 430965928, 65
4, 430970928, 68
4, 430975928, 71
4, 430980928, 74
4, 430985928, 77
4, 430990928, 80
4, 430995928, 82
4, 431000928, 84
4, 431005928, 87
4, 431010928, 90
4, 431015928, 92
4, 431020928, 95
4, 431025928, 97
4, 431030928, 100
4, 431035928, 102
4, 431040928, 105
4, 431045928, 107
4, 431050928, 109
4, 431055928, 111
4, 431060928, 113
4, 431065928, 115
4, 431070928, 117
4, 431075928, 119
4, 431080928, 121
4, 431085928, 123
4, 431090928, 125
4, 431095928, 126
4, 431100928, 128
4, 431105928, 129
4, 431110928, 131
4, 431115928, 132
4, 431120928, 133
4, 431125928, 134
4, 431130928, 136
4, 431135928, 137
4, 431140928, 138
4, 431145928, 139
4, 431150928, 139
4, 431155928, 140
4, 431160928, 141
4, 431165928, 141
4, 431170928, 142
4, 431175928, 142
4, 431180928, 143
4, 431185928, 143
4, 431190928, 143
4, 431195928, 143
4, 431200928, 143
4, 431205928, 143
4, 431210928, 143
4, 431215928, 143
4, 431220928, 143
4, 431225928, 143
4, 431230928, 142
4, 431235928, 142
4, 431240928, 141
4, 431245928, 141
4, 431250928, 140
4, 431255928, 139
4, 431260928, 138
4, 431265928, 137
4, 431270928, 136
4, 431275928, 135
4, 431280928, 134
4, 431285928, 133
4, 431290928, 132
4, 431295928, 130
4, 431300928, 129
4, 431305928, 127
4, 431310928, 126
4, 431315928, 124
4, 431320928, 123
4, 431325928, 121
4, 431330928, 119
4, 431335928, 117
4, 431340928, 115
4, 431345928, 113
4, 431350928, 111
4, 431355928, 109
4, 431360928, 107
4, 431365928, 105
4, 431370928, 102
4, 431375928, 100
4, 431380928, 97
4, 431385928, 95
4, 431390928, 93
4, 431395928, 90
4, 431400928, 87
4, 431405928, 85
4, 431410928, 83
4, 431415928, 80
4, 431420928, 77
4, 431425928, 74
4, 431430928, 71
4, 431435928, 69
4, 431440928, 66
4, 431445928, 63
4, 431450928, 60
4, 431455928, 57
4, 431460928, 54
4, 431465928, 51
4, 431470928, 47
4, 431475928, 44
4, 431480928, 41
4, 431485928, 38
4, 431490928, 35
4, 431495928, 32
4, 431500928, 28
4, 431505928, 25
4, 431510928, 22
4, 431515928, 19
4, 431520928, 15
4, 431525928, 12
4, 431530928, 9
4, 431535928, 5
4, 431540928, 2
4, 431545928, -1
4, 431550928, -4
4, 431555928, -8
4, 431560928, -11
4, 431565928, -14
4, 431570928, -18
4, 431575928, -21
4, 431580928, -24
4, 431585928, -27
4, 431590928, -31
4, 431595928, -34
4, 431600928, -37
4, 431605928, -40
4, 431610928, -43
4, 431615928, -46
4, 431620928, -49
4, 431625928, -52
4, 431630928, -55
4, 431635928, -58
4, 431640928, -61
4, 431645928, -64
4, 431650928, -67
4, 431655928, -70
4, 431660928, -72
4, 431665928, -75
4, 431670928, -78
4, 431675928, -81
4, 431680928, -83
4, 431685928, -86
4, 431690928, -89
4, 431695928, -91
4, 431700928, -94
4, 431705928, -96
4, 431710928, -98
4, 431715928, -101
4, 431720928, -103
4, 431725928, -105
4, 431730928, -107
4, 431735928, -109
4, 431740928, -111
4, 431745928, -113
4, 431750928, -115
4, 431755928, -117
4, 431760928, -119
4, 431765928, -121
4, 431770928, -122
4, 431775928, -124
4, 431780928, -125
4, 431785928, -127
4, 431790928, -128
4, 431795928, -129
4, 431800928, -131
4, 431805928, -132
4, 431810928, -133
4, 431815928, -134
4, 431820928, -135
4, 431825928, -136
4, 431830928, -137
4, 431835928, -137
4, 431840928, -138
4, 431845928, -139
4, 431850928, -139
4, 431855928, -140
4, 431860928, -140
4, 431865928, -140
4, 431870928, -140
4, 431875928, -141
4, 431880928, -141
4, 431885928, -141
4, 431890928, -141
4, 431895928, -141
4, 431900928, -140
4, 431905928, -140
4, 431910928, -140
4, 431915928, -139
4, 431920928, -139
4, 431925928, -138
4, 431930928, -138
4, 431935928, -137
4, 431940928, -136
4, 431945928, -135
4, 431950928, -135
4, 431955928, -133
4, 431960928, -132
4, 431965928, -131
4, 431970928, -130
4, 431975928, -129
4, 431980928, -128
4, 431985928, -126
4, 431990928, -125
4, 431995928, -123
4, 432000928, -121
4, 432005928, -120
4, 432010928, -118
4, 432015928, -116
4, 432020928, -115
4, 432025928, -113
4, 432030928, -111
4, 432035928, -109
4, 432040928, -107
4, 432045928, -105
4, 432050928, -102
4, 432055928, -101
4, 432060928, -98
4, 432065928, -96
4, 432070928, -93
4, 432075928, -91
4, 432080928, -89
4, 432085928, -86
4, 432090928, -84
4, 432095928, -81
4, 432100928, -78
4, 432105928, -76
4, 432110928, -73
4, 432115928, -70
4, 432120928, -68
4, 432125928, -65
4, 432130928, -62
4, 432135928, -59
4, 432140928, -56
4, 432145928, -53
4, 432150928, -50
4, 432155928, -47
4, 432160928, -44
4, 432165928, -41
4, 432170928, -38
4, 432175928, -35
4, 432180928, -32
4, 432185928, -29
4, 432190928, -26
4, 432195928, -23
4, 432200928, -19
4, 432205928, -16
4, 432210928, -13
4, 432215928, -10
4, 432220928, -7
4, 432225928, -4
4, 432230928, 0
4, 432235928, 3
4, 432240928, 6
4, 432245928, 9
4, 432250928, 12
4, 432255928, 15
4, 432260928, 18
4, 432265928, 21
4, 432270928, 24
4, 432275928, 27
4, 432280928, 30
4, 432285928, 33
4, 432290928, 36
4, 432295928, 39
4, 432300928, 42
4, 432305928, 45
4, 432310928, 48
4, 432315928, 51
4, 432320928, 54
4, 432325928, 57
4, 432330928, 59
4, 432335928, 62
4, 432340928, 65
4, 432345928, 68
4, 432350928, 70
4, 432355928, 73
4, 432360928, 75
4, 432365928, 78
4, 432370928, 80
4, 432375928, 83
4, 432380928, 85
4, 432385928, 88
4, 432390928, 90
4, 432395928, 92
4, 432400928, 94
4, 432405928, 96
4, 432410928, 99
4, 432415928, 101
4, 432420928, 103
4, 432425928, 104
4, 432430928, 106
4, 432435928, 108
4, 432440928, 110
4, 432445928, 112
4, 432450928, 113
4, 432455928, 115
4, 432460928, 116
4, 432465928, 118
4, 432470928, 119
4, 432475928, 120
4, 432480928, 121
4, 432485928, 122
4, 432490928, 123
4, 432495928, 124
4, 432500928, 125
4, 432505928, 126
4, 432510928, 127
4, 432515928, 128
4, 432520928, 129
4, 432525928, 129
4, 432530928, 130
4, 432535928, 130
4, 432540928, 131
4, 432545928, 131
4, 432550928, 131
4, 432555928, 131
4, 432560928, 132
4, 432565928, 132
4, 432570928, 132
4, 432575928, 132
4, 432580928, 131
4, 432585928, 131
4, 432590928, 131
4, 432595928, 131
4, 432600928, 130
4, 432605928, 130
4, 432610928, 129
4, 432615928, 128
4, 432620928, 128
4, 432625928, 127
4, 432630928, 126
4, 432635928, 125
4, 432640928, 124
4, 432645928, 123
4, 432650928, 122
4, 432655928, 121
4, 432660928, 119
4, 432665928, 118
4, 432670928, 117
4, 432675928, 115
4, 432680928, 114
4, 432685928, 112
4, 432690928, 111
4, 432695928, 109
4, 432700928, 107
4, 432705928, 106
4, 432710928, 104
4, 432715928, 102
4, 432720928, 100
4, 432725928, 98
4, 432730928, 96
4, 432735928, 94
4, 432740928, 92
4, 432745928, 89
4, 432750928, 87
4, 432755928, 85
4, 432760928, 83
4, 432765928, 80
4, 432770928, 78
4, 432775928, 75
4, 432780928, 73
4, 432785928, 70
4, 432790928, 68
4, 432795928, 65
4, 432800928, 62
4, 432805928, 60
4, 432810928, 57
4, 432815928, 54
4, 432820928, 51
4, 432825928, 48
4, 432830928, 46
4, 432835928, 43
4, 432840928, 40
4, 432845928, 37
4, 432850928, 34
4, 432855928, 31
4, 432860928, 28
4, 432865928, 25
4, 432870928, 22
4, 432875928, 19
4, 432880928, 16
4, 432885928, 13
4, 432890928, 10
4, 432895928, 7
4, 432900928, 4
4, 432905928, 1
4, 432910928, -1
4, 432915928, -4
4, 432920928, -8
4, 432925928, -11
4, 432930928, -14
4, 432935928, -17
4, 432940928, -20
4, 432945928, -23
4, 432950928, -25
4, 432955928, -28
4, 432960928, -31
4, 432965928, -34
4, 432970928, -37
4, 432975928, -40
4, 432980928, -43
4, 432985928, -46
4, 432990928, -49
4, 432995928, -51
4, 433000928, -54
4, 433005928, -57
4, 433010928, -60
4, 433015928, -62
4, 433020928, -65
4, 433025928, -67
4, 433030928, -70
4, 433035928, -72
4, 433040928, -75
4, 433045928, -77
4, 433050928, -80
4, 433055928, -82
4, 433060928, -84
4, 433065928, -87
4, 433070928, -89
4, 433075928, -91
4, 433080928, -93
4, 433085928, -95
4, 433090928, -97
4, 433095928, -99
4, 433100928, -101
4, 433105928, -103
4, 433110928, -105
4, 433115928, -106
4, 433120928, -108
4, 433125928, -110
4, 433130928, -111
4, 433135928, -112
4, 433140928, -114
4, 433145928, -115
4, 433150928, -117
4, 433155928, -118
4, 433160928, -119
4, 433165928, -120
4, 433170928, -121
4, 433175928, -122
4, 433180928, -123
4, 433185928, -124
4, 433190928, -125
4, 433195928, -126
4, 433200928, -126
4, 433205928, -127
4, 433210928, -128
4, 433215928, -128
4, 433220928, -128
4, 433225928, -129
4, 433230928, -129
4, 433235928, -129
4, 433240928, -129
4, 433245928, -129
4, 433250928, -129
4, 433255928, -129
4, 433260928, -129
4, 433265928, -129
4, 433270928, -129
4, 433275928, -128
4, 433280928, -128
4, 433285928, -127
4, 433290928, -127
4, 433295928, -126
4, 433300928, -126
4, 433305928, -125
4, 433310928, -124
4, 433315928, -123
4, 433320928, -122
4, 433325928, -121
4, 433330928, -120
4, 433335928, -119
4, 433340928, -118
4, 433345928, -117
4, 433350928, -116
4, 433355928, -114
4, 433360928, -113
4, 433365928, -111
4, 433370928, -110
4, 433375928, -108
4, 433380928, -107
4, 433385928, -105
4, 433390928, -103
4, 433395928, -101
4, 433400928, -99
4, 433405928, -97
4, 433410928, -96
4, 433415928, -93
4, 433420928, -91
4, 433425928, -89
4, 433430928, -87
4, 433435928, -85
4, 433440928, -83
4, 433445928, -80
4, 433450928, -78
4, 433455928, -76
4, 433460928, -73
4, 433465928, -71
4, 433470928, -68
4, 433475928, -66
4, 433480928, -63
4, 433485928, -61
4, 433490928, -58
4, 433495928, -56
4, 433500928, -53
4, 433505928, -50
4, 433510928, -48
4, 433515928, -45
4, 433520928, -42
4, 433525928, -39
4, 433530928, -36
4, 433535928, -34
4, 433540928, -31
4, 433545928, -28
4, 433550928, -25
4, 433555928, -22
4, 433560928, -19
4, 433565928, -17
4, 433570928, -14
4, 433575928, -11
4, 433580928, -8
4, 433585928, -5
4, 433590928, -3
4, 433595928, 0
4, 433600928, 3
4, 433605928, 6
4, 433610928, 9
4, 433615928, 12
4, 433620928, 15
4, 433625928, 18
4, 433630928, 20
4, 433635928, 23
4, 433640928, 26
4, 433645928, 29
4, 433650928, 32
4, 433655928, 35
4, 433660928, 37
4, 433665928, 40
4, 433670928, 43
4, 433675928, 45
4, 433680928, 48
4, 433685928, 51
4, 433690928, 53
4, 433695928, 56
4, 433700928, 58
4, 433705928, 61
4, 433710928, 63
4, 433715928, 66
4, 433720928, 68
4, 433725928, 70
4, 433730928, 73
4, 433735928, 75
4, 433740928, 77
4, 433745928, 79
4, 433750928, 81
4, 433755928, 83
4, 433760928, 85
4, 433765928, 87
4, 433770928, 89
4, 433775928, 91
4, 433780928, 93
4, 433785928, 95
4, 433790928, 96
4, 433795928, 98
4, 433800928, 100
4, 433805928, 101
4, 433810928, 103
4, 433815928, 104
4, 433820928, 105
4, 433825928, 107
4, 433830928, 108
4, 433835928, 109
4, 433840928, 111
4, 433845928, 112
4, 433850928, 113
4, 433855928, 114
4, 433860928, 115
4, 433865928, 115
4, 433870928, 116
4, 433875928, 117
4, 433880928, 117
4, 433885928, 118
4, 433890928, 119
4, 433895928, 119
4, 433900928, 119
4, 433905928, 120
4, 433910928, 120
4, 433915928, 120
4, 433920928, 120
4, 433925928, 120
4, 433930928, 120
4, 433935928, 120
4, 433940928, 120
4, 433945928, 120
4, 433950928, 120
4, 433955928, 120
4, 433960928, 119
4, 433965928, 119
4, 433970928, 118
4, 433975928, 118
4, 433980928, 117
4, 433985928, 116
4, 433990928, 116
4, 433995928, 115
4, 434000928, 114
4, 434005928, 113
4, 434010928, 112
4, 434015928, 111
4, 434020928, 110
4, 434025928, 109
4, 434030928, 108
4, 434035928, 106
4, 434040928, 105
4, 434045928, 103
4, 434050928, 102
4, 434055928, 100
4, 434060928, 99
4, 434065928, 97
4, 434070928, 96
4, 434075928, 94
4, 434080928, 92
4, 434085928, 90
4, 434090928, 88
4, 434095928, 87
4, 434100928, 84
4, 434105928, 83
4, 434110928, 80
4, 434115928, 78
4, 434120928, 76
4, 434125928, 74
4, 434130928, 72
4, 434135928, 70
4, 434140928, 67
4, 434145928, 65
4, 434150928, 63
4, 434155928, 60
4, 434160928, 58
4, 434165928, 55
4, 434170928, 53
4, 434175928, 50
4, 434180928, 48
4, 434185928, 45
4, 434190928, 43
4, 434195928, 40
4, 434200928, 37
4, 434205928, 35
4, 434210928, 32
4, 434215928, 30
4, 434220928, 27
4, 434225928, 24
4, 434230928, 22
4, 434235928, 19
4, 434240928, 16
4, 434245928, 13
4, 434250928, 11
4, 434255928, 8
4, 434260928, 5
4, 434265928, 2
4, 434270928, 0
4, 434275928, -3
4, 434280928, -6
4, 434285928, -9
4, 434290928, -12
4, 434295928, -14
4, 434300928, -17
4, 434305928, -20
4, 434310928, -23
4, 434315928, -25
4, 434320928, -28
4, 434325928, -31
4, 434330928, -33
4, 434335928, -36
4, 434340928, -39
4, 434345928, -41
4, 434350928, -44
4, 434355928, -46
4, 434360928, -49
4, 434365928, -51
4, 434370928, -54
4, 434375928, -56
4, 434380928, -59
4, 434385928, -61
4, 434390928, -64
4, 434395928, -66
4, 434400928, -68
4, 434405928, -70
4, 434410928, -73
4, 434415928, -74
4, 434420928, -76
4, 434425928, -79
4, 434430928, -80
4, 434435928, -83
4, 434440928, -84
4, 434445928, -86
4, 434450928, -88
4, 434455928, -90
4, 434460928, -92
4, 434465928, -93
4, 434470928, -95
4, 434475928, -97
4, 434480928, -98
4, 434485928, -100
4, 434490928, -101
4, 434495928, -103
4, 434500928, -104
4, 434505928, -105
4, 434510928, -107
4, 434515928, -108
4, 434520928, -109
4, 434525928, -110
4, 434530928, -111
4, 434535928, -112
4, 434540928, -113
4, 434545928, -113
4, 434550928, -114
4, 434555928, -115
4, 434560928, -116
4, 434565928, -116
4, 434570928, -117
4, 434575928, -117
4, 434580928, -117
4, 434585928, -118
4, 434590928, -118
4, 434595928, -118
4, 434600928, -118
4, 434605928, -118
4, 434610928, -118
4, 434615928, -118
4, 434620928, -118
4, 434625928, -118
4, 434630928, -118
4, 434635928, -118
4, 434640928, -117
4, 434645928, -117
4, 434650928, -116
4, 434655928, -116
4, 434660928, -115
4, 434665928, -115
4, 434670928, -114
4, 434675928, -113
4, 434680928, -112
4, 434685928, -111
4, 434690928, -110
4, 434695928, -109
4, 434700928, -108
4, 434705928, -107
4, 434710928, -106
4, 434715928, -105
4, 434720928, -104
4, 434725928, -102
4, 434730928, -101
4, 434735928, -99
4, 434740928, -98
4, 434745928, -96
4, 434750928, -95
4, 434755928, -93
4, 434760928, -91
4, 434765928, -90
4, 434770928, -88
4, 434775928, -86
4, 434780928, -84
4, 434785928, -82
4, 434790928, -80
4, 434795928, -78
4, 434800928, -76
4, 434805928, -74
4, 434810928, -72
4, 434815928, -70
4, 434820928, -68
4, 434825928, -65
4, 434830928, -63
4, 434835928, -61
4, 434840928, -59
4, 434845928, -56
4, 434850928, -54
4, 434855928, -51
4, 434860928, -49
4, 434865928, -47
4, 434870928, -44
4, 434875928, -42
4, 434880928, -40
4, 434885928, -37
4, 434890928, -34
